"query","significant","p_value","term_size","query_size","intersection_size","precision","recall","term_id","source","term_name","effective_domain_size","source_order","parents"
"query_1",TRUE,1.25922089604057e-32,7249,2124,1033,0.486346516007533,0.142502414126086,"TF:M00695_1","TF","Factor: ETF; motif: GVGGMGG; match class: 1",20092,2221,"TF:M00695"
"query_1",TRUE,3.28702731565643e-26,10751,2124,1380,0.649717514124294,0.128360152543949,"TF:M00695","TF","Factor: ETF; motif: GVGGMGG",20092,2220,"TF:M00000"
"query_1",TRUE,2.03506763543257e-19,6863,2124,932,0.43879472693032,0.135800670260819,"TF:M12722_1","TF","Factor: ZXDL; motif: GSGSCNNGGGMRGCNCCGGGS; match class: 1",20092,11991,"TF:M12722"
"query_1",TRUE,1.20072272855263e-17,2621,2124,423,0.199152542372881,0.161388782907287,"TF:M12742","TF","Factor: ZNF93; motif: GGYAGCRGCAGCGGYG",20092,11914,"TF:M00000"
"query_1",TRUE,5.29214716052673e-16,5521,2124,763,0.359227871939736,0.138199601521464,"TF:M13144_1","TF","Factor: ZNF138; motif: GCAGCRSCNSGSNCMGSGCS; match class: 1",20092,9759,"TF:M13144"
"query_1",TRUE,1.04942757483177e-15,9703,2124,1220,0.574387947269303,0.125734308976605,"TF:M13144","TF","Factor: ZNF138; motif: GCAGCRSCNSGSNCMGSGCS",20092,9758,"TF:M00000"
"query_1",TRUE,1.07316781605852e-15,7920,2124,1029,0.484463276836158,0.129924242424242,"TF:M13366","TF","Factor: ZBED4; motif: CCCGCYCCGC",20092,9310,"TF:M00000"
"query_1",TRUE,4.49275276873026e-15,10540,2124,1304,0.613935969868173,0.123719165085389,"TF:M00803_1","TF","Factor: E2F; motif: GGCGSG; match class: 1",20092,1591,"TF:M00803"
"query_1",TRUE,8.76220541384612e-15,12719,2124,1524,0.717514124293785,0.119820740624263,"TF:M11531_1","TF","Factor: E2F-2; motif: GCGCGCGCGYW; match class: 1",20092,1511,"TF:M11531"
"query_1",TRUE,9.12939606119455e-14,10892,2124,1333,0.62758945386064,0.122383400661036,"TF:M12722","TF","Factor: ZXDL; motif: GSGSCNNGGGMRGCNCCGGGS",20092,11990,"TF:M00000"
"query_1",TRUE,1.4614283595569e-13,5847,2124,787,0.370527306967985,0.134598939627159,"TF:M01104_1","TF","Factor: MOVO-B; motif: GNGGGGG; match class: 1",20092,5405,"TF:M01104"
"query_1",TRUE,1.71425311048475e-13,10071,2124,1246,0.586629001883239,0.123721576804687,"TF:M02036","TF","Factor: WT1; motif: CGCCCCCNCN",20092,9224,"TF:M00000"
"query_1",TRUE,7.22189391067738e-13,12804,2124,1522,0.716572504708098,0.118869103405186,"TF:M00333_1","TF","Factor: ZF5; motif: NRNGNGCGCGCWN; match class: 1",20092,9487,"TF:M00333"
"query_1",TRUE,1.66505351140187e-12,3958,2124,563,0.265065913370998,0.142243557352198,"TF:M13366_1","TF","Factor: ZBED4; motif: CCCGCYCCGC; match class: 1",20092,9311,"TF:M13366"
"query_1",TRUE,2.46532286082762e-12,5989,2124,796,0.374764595103578,0.132910335615295,"TF:M13129_1","TF","Factor: RERE; motif: CNGCNSCNNGSRCRGSGSS; match class: 1",20092,7349,"TF:M13129"
"query_1",TRUE,4.30091130172155e-12,13676,2124,1604,0.755178907721281,0.117285756069026,"TF:M11531","TF","Factor: E2F-2; motif: GCGCGCGCGYW",20092,1510,"TF:M00000"
"query_1",TRUE,4.54740276611007e-12,4481,2124,622,0.292843691148776,0.138808301718366,"TF:M01199_1","TF","Factor: RNF96; motif: BCCCGCRGCC; match class: 1",20092,7495,"TF:M01199"
"query_1",TRUE,8.14325461016423e-12,6751,2124,878,0.413370998116761,0.130054806695304,"TF:M10108","TF","Factor: WT1; motif: RGGNGGGGGAGGRGGNGGRG",20092,9218,"TF:M00000"
"query_1",TRUE,1.42090615868831e-11,9395,2124,1163,0.547551789077213,0.123789249600852,"TF:M03876_1","TF","Factor: Kaiso; motif: GCMGGGRGCRGS; match class: 1",20092,4679,"TF:M03876"
"query_1",TRUE,4.57255508679786e-11,6021,2124,792,0.372881355932203,0.131539611360239,"TF:M10107","TF","Factor: DB1; motif: GGRRRRGRRGGAGGGGGNGRRR",20092,1226,"TF:M00000"
"query_1",TRUE,4.87809051546376e-11,8649,2124,1080,0.508474576271186,0.124869927159209,"TF:M13127_1","TF","Factor: HA95; motif: CCSNSSCCNSCNCCWSCCNS; match class: 1",20092,3433,"TF:M13127"
"query_1",TRUE,1.17700489613387e-10,6303,2124,821,0.38653483992467,0.130255433920355,"TF:M03896","TF","Factor: EGR1; motif: NACGCCCACGCANW",20092,1646,"TF:M00000"
"query_1",TRUE,1.97371062179199e-10,1335,2124,228,0.107344632768362,0.170786516853933,"TF:M12742_1","TF","Factor: ZNF93; motif: GGYAGCRGCAGCGGYG; match class: 1",20092,11915,"TF:M12742"
"query_1",TRUE,3.29506709773398e-10,10401,2124,1260,0.593220338983051,0.12114219786559,"TF:M13129","TF","Factor: RERE; motif: CNGCNSCNNGSRCRGSGSS",20092,7348,"TF:M00000"
"query_1",TRUE,3.81354189326743e-10,10568,2124,1277,0.601224105461394,0.120836487509463,"TF:M04869_1","TF","Factor: Egr-1; motif: GCGCATGCG; match class: 1",20092,1651,"TF:M04869"
"query_1",TRUE,4.08722104091005e-10,6271,2124,814,0.383239171374765,0.129803859033647,"TF:M00189_1","TF","Factor: AP-2; motif: MKCCCSCNGGCG; match class: 1",20092,159,"TF:M00189"
"query_1",TRUE,4.69327340666646e-10,13603,2124,1585,0.74623352165725,0.116518415055502,"TF:M01240_1","TF","Factor: BEN; motif: CAGCGRNV; match class: 1",20092,513,"TF:M01240"
"query_1",TRUE,8.16701622782329e-10,10926,2124,1312,0.617702448210923,0.120080541826835,"TF:M00189","TF","Factor: AP-2; motif: MKCCCSCNGGCG",20092,158,"TF:M00000"
"query_1",TRUE,8.21722232704924e-10,8167,2124,1020,0.480225988700565,0.124892861515856,"TF:M07354","TF","Factor: Egr-1; motif: GCGGGGGCGG",20092,1672,"TF:M00000"
"query_1",TRUE,8.77635475575196e-10,6102,2124,793,0.373352165725047,0.129957391019338,"TF:M12227_1","TF","Factor: ZIC4; motif: NNCCNCCCRYNGYGN; match class: 1",20092,9633,"TF:M12227"
"query_1",TRUE,1.4419706772559e-09,9690,2124,1181,0.556026365348399,0.1218782249742,"TF:M02089_1","TF","Factor: E2F-3; motif: GGCGGGN; match class: 1",20092,1537,"TF:M02089"
"query_1",TRUE,1.61033244525183e-09,2958,2124,428,0.2015065913371,0.144692359702502,"TF:M10108_1","TF","Factor: WT1; motif: RGGNGGGGGAGGRGGNGGRG; match class: 1",20092,9219,"TF:M10108"
"query_1",TRUE,2.01857843073285e-09,6817,2124,870,0.409604519774011,0.127622121167669,"TF:M13147_1","TF","Factor: ZNF253; motif: SNGNSCGNGGNGCKGNN; match class: 1",20092,10041,"TF:M13147"
"query_1",TRUE,2.19689931176709e-09,9475,2124,1157,0.544726930320151,0.122110817941953,"TF:M09892_1","TF","Factor: E2F-1; motif: NNNNGGCGGGAARN; match class: 1",20092,1479,"TF:M09892"
"query_1",TRUE,2.84723055508167e-09,9861,2124,1197,0.563559322033898,0.121387283236994,"TF:M09984","TF","Factor: MAZ; motif: GGGGGAGGGGGNGRGRRRGNRG",20092,5148,"TF:M00000"
"query_1",TRUE,3.20337119770986e-09,10580,2124,1272,0.598870056497175,0.120226843100189,"TF:M01104","TF","Factor: MOVO-B; motif: GNGGGGG",20092,5404,"TF:M00000"
"query_1",TRUE,6.4225885085934e-09,7928,2124,988,0.465160075329567,0.124621594349142,"TF:M09826_1","TF","Factor: BTEB3; motif: CCNNSCCNSCCCCKCCCCC; match class: 1",20092,643,"TF:M09826"
"query_1",TRUE,6.81591526731546e-09,2770,2124,402,0.189265536723164,0.145126353790614,"TF:M10107_1","TF","Factor: DB1; motif: GGRRRRGRRGGAGGGGGNGRRR; match class: 1",20092,1227,"TF:M10107"
"query_1",TRUE,7.99432285779671e-09,8770,2124,1078,0.507532956685499,0.122919042189282,"TF:M01199","TF","Factor: RNF96; motif: BCCCGCRGCC",20092,7494,"TF:M00000"
"query_1",TRUE,1.35505445682356e-08,11988,2124,1413,0.665254237288136,0.117867867867868,"TF:M09826","TF","Factor: BTEB3; motif: CCNNSCCNSCCCCKCCCCC",20092,642,"TF:M00000"
"query_1",TRUE,1.38105259518663e-08,10757,2124,1286,0.605461393596987,0.119550060425769,"TF:M08205_1","TF","Factor: E2F-1:Elk-1; motif: SGCGCSNNAMCGGAAGT; match class: 1",20092,1465,"TF:M08205"
"query_1",TRUE,1.43721255005787e-08,11376,2124,1350,0.635593220338983,0.118670886075949,"TF:M13147","TF","Factor: ZNF253; motif: SNGNSCGNGGNGCKGNN",20092,10040,"TF:M00000"
"query_1",TRUE,1.45162790910455e-08,7739,2124,965,0.454331450094162,0.124693112805272,"TF:M08878","TF","Factor: EGR; motif: CGCCCCCGCNN",20092,1712,"TF:M00000"
"query_1",TRUE,2.50900527486865e-08,4394,2124,590,0.277777777777778,0.134274010013655,"TF:M00800_1","TF","Factor: AP-2; motif: GSCCSCRGGCNRNRNN; match class: 1",20092,155,"TF:M00800"
"query_1",TRUE,5.45024902079626e-08,5326,2124,694,0.326741996233522,0.130304168231318,"TF:M08867_1","TF","Factor: AP2; motif: GCCYGSGGSN; match class: 1",20092,157,"TF:M08867"
"query_1",TRUE,5.96256382930866e-08,5497,2124,713,0.335687382297552,0.129707112970711,"TF:M02036_1","TF","Factor: WT1; motif: CGCCCCCNCN; match class: 1",20092,9225,"TF:M02036"
"query_1",TRUE,6.64215131062666e-08,15500,2124,1757,0.827212806026365,0.113354838709677,"TF:M00333","TF","Factor: ZF5; motif: NRNGNGCGCGCWN",20092,9486,"TF:M00000"
"query_1",TRUE,8.01574137085396e-08,11205,2124,1327,0.624764595103578,0.11842927264614,"TF:M07206_1","TF","Factor: E2F-1; motif: NGGGCGGGARV; match class: 1",20092,1477,"TF:M07206"
"query_1",TRUE,9.70845191637729e-08,11579,2124,1365,0.642655367231638,0.117885827791692,"TF:M04869","TF","Factor: Egr-1; motif: GCGCATGCG",20092,1650,"TF:M00000"
"query_1",TRUE,9.86862207770842e-08,13943,2124,1604,0.755178907721281,0.115039804920032,"TF:M09892","TF","Factor: E2F-1; motif: NNNNGGCGGGAARN",20092,1478,"TF:M00000"
"query_1",TRUE,1.37811813447783e-07,10721,2124,1275,0.600282485875706,0.118925473370021,"TF:M00986_1","TF","Factor: Churchill; motif: CGGGNN; match class: 1",20092,855,"TF:M00986"
"query_1",TRUE,1.48483408981762e-07,7173,2124,896,0.421845574387947,0.124912867698313,"TF:M12598_1","TF","Factor: E2F3; motif: NNRGMKGGAR; match class: 1",20092,1535,"TF:M12598"
"query_1",TRUE,1.80367160253667e-07,10337,2124,1234,0.580979284369115,0.119376995259747,"TF:M08867","TF","Factor: AP2; motif: GCCYGSGGSN",20092,156,"TF:M00000"
"query_1",TRUE,2.22446146344639e-07,8449,2124,1033,0.486346516007533,0.122262989702923,"TF:M13124_1","TF","Factor: ZNF670; motif: SNGGGCRGRG; match class: 1",20092,11253,"TF:M13124"
"query_1",TRUE,2.27777646059548e-07,5774,2124,740,0.348399246704331,0.128160720471077,"TF:M09984_1","TF","Factor: MAZ; motif: GGGGGAGGGGGNGRGRRRGNRG; match class: 1",20092,5149,"TF:M09984"
"query_1",TRUE,2.38478736641522e-07,8089,2124,994,0.467984934086629,0.122882927432315,"TF:M00982","TF","Factor: KROX; motif: CCCGCCCCCRCCCC",20092,4766,"TF:M00000"
"query_1",TRUE,2.58776906262387e-07,11222,2124,1325,0.623822975517891,0.118071644983069,"TF:M04950","TF","Factor: Egr-1; motif: NGCGTGCGY",20092,1654,"TF:M00000"
"query_1",TRUE,2.95582220962648e-07,4990,2124,651,0.306497175141243,0.130460921843687,"TF:M10026_1","TF","Factor: PATZ; motif: GGGGNGGGGGMKGGRRNGGNRN; match class: 1",20092,6501,"TF:M10026"
"query_1",TRUE,3.20959829854794e-07,9143,2124,1106,0.520715630885122,0.120966859892814,"TF:M06948","TF","Factor: Sp2; motif: TGGGCGCGCCCA",20092,8080,"TF:M00000"
"query_1",TRUE,3.76593965342351e-07,13581,2124,1564,0.736346516007533,0.115160886532656,"TF:M02089","TF","Factor: E2F-3; motif: GGCGGGN",20092,1536,"TF:M00000"
"query_1",TRUE,3.86918240795252e-07,4087,2124,547,0.257532956685499,0.133839001712748,"TF:M10086_1","TF","Factor: TAFII250; motif: RARRWGGCGGMGGNGR; match class: 1",20092,8393,"TF:M10086"
"query_1",TRUE,4.18622802146382e-07,14532,2124,1658,0.78060263653484,0.114093036058354,"TF:M00716_1","TF","Factor: ZF5; motif: GSGCGCGR; match class: 1",20092,9475,"TF:M00716"
"query_1",TRUE,4.19400793443101e-07,6557,2124,825,0.388418079096045,0.125819734634741,"TF:M13146","TF","Factor: ZNF232; motif: NCAGCASCNNGGNCAGCGCC",20092,9986,"TF:M00000"
"query_1",TRUE,4.34028338519004e-07,13137,2124,1519,0.715160075329567,0.115627616655249,"TF:M04823","TF","Factor: E2F-4; motif: NNTTCCCGCCNN",20092,1546,"TF:M00000"
"query_1",TRUE,4.73491991516385e-07,14434,2124,1648,0.775894538606403,0.114174864902314,"TF:M12597","TF","Factor: E2F1; motif: GSGCGGGAAN",20092,1482,"TF:M00000"
"query_1",TRUE,5.05452727083674e-07,12815,2124,1486,0.699623352165725,0.115957861880609,"TF:M12598","TF","Factor: E2F3; motif: NNRGMKGGAR",20092,1534,"TF:M00000"
"query_1",TRUE,5.15845686760216e-07,6945,2124,867,0.40819209039548,0.124838012958963,"TF:M01873","TF","Factor: Egr-1; motif: GCGGGGGCGG",20092,1674,"TF:M00000"
"query_1",TRUE,7.49456251560497e-07,13582,2124,1562,0.735404896421846,0.115005153880135,"TF:M00803","TF","Factor: E2F; motif: GGCGSG",20092,1590,"TF:M00000"
"query_1",TRUE,8.71786072142192e-07,14371,2124,1640,0.772128060263653,0.114118711293577,"TF:M09894_1","TF","Factor: E2F-4; motif: SNGGGCGGGAANN; match class: 1",20092,1551,"TF:M09894"
"query_1",TRUE,1.33754157587163e-06,13560,2124,1558,0.733521657250471,0.114896755162242,"TF:M11603_1","TF","Factor: TCF-1; motif: ACATCGRGRCGCTGW; match class: 1",20092,8633,"TF:M11603"
"query_1",TRUE,1.46675992695422e-06,4874,2124,633,0.298022598870056,0.129872794419368,"TF:M12704_1","TF","Factor: ZNF432; motif: NCAGNRCCNSRGRCAGC; match class: 1",20092,10537,"TF:M12704"
"query_1",TRUE,1.52053624960174e-06,11763,2124,1375,0.647363465160075,0.116891949332653,"TF:M11882_1","TF","Factor: pax-6; motif: NYACGCNYSANYGMNCN; match class: 1",20092,6597,"TF:M11882"
"query_1",TRUE,1.57487417517704e-06,8557,2124,1038,0.488700564971751,0.121304195395583,"TF:M03893","TF","Factor: WT1; motif: GNGGGGGCGGGG",20092,9226,"TF:M00000"
"query_1",TRUE,1.74699599897073e-06,3735,2124,502,0.236346516007533,0.134404283801874,"TF:M01253","TF","Factor: CNOT3; motif: GGCCGCGSSS",20092,934,"TF:M00000"
"query_1",TRUE,1.86792620925018e-06,11189,2124,1315,0.619114877589454,0.117526141746358,"TF:M07084","TF","Factor: E2F-4; motif: NGGCGGGAARN",20092,1548,"TF:M00000"
"query_1",TRUE,1.91252653710303e-06,3789,2124,508,0.239171374764595,0.13407231459488,"TF:M07354_1","TF","Factor: Egr-1; motif: GCGGGGGCGG; match class: 1",20092,1673,"TF:M07354"
"query_1",TRUE,1.98025118995871e-06,9900,2124,1180,0.555555555555556,0.119191919191919,"TF:M00915","TF","Factor: AP-2; motif: SNNNCCNCAGGCN",20092,160,"TF:M00000"
"query_1",TRUE,2.06581082187937e-06,9589,2124,1147,0.540018832391714,0.119616226926687,"TF:M10426","TF","Factor: ctcf; motif: CCRSCAGGGGGCGCN",20092,1172,"TF:M00000"
"query_1",TRUE,2.45773902102886e-06,6383,2124,800,0.376647834274953,0.125332915556948,"TF:M06948_1","TF","Factor: Sp2; motif: TGGGCGCGCCCA; match class: 1",20092,8081,"TF:M06948"
"query_1",TRUE,2.90544792003348e-06,11416,2124,1337,0.629472693032015,0.117116327960757,"TF:M11601_1","TF","Factor: TCF-1; motif: ACATCGRGRCGCTGW; match class: 1",20092,8629,"TF:M11601"
"query_1",TRUE,3.03846648670014e-06,4691,2124,610,0.287193973634652,0.13003623960776,"TF:M00915_1","TF","Factor: AP-2; motif: SNNNCCNCAGGCN; match class: 1",20092,161,"TF:M00915"
"query_1",TRUE,3.12073547434431e-06,14521,2124,1651,0.777306967984934,0.113697403760072,"TF:M09636_1","TF","Factor: MAZ; motif: GGGMGGGGSSGGGGGGGGGGGG; match class: 1",20092,5147,"TF:M09636"
"query_1",TRUE,3.71337570863125e-06,12603,2124,1458,0.686440677966102,0.115686741252083,"TF:M13127","TF","Factor: HA95; motif: CCSNSSCCNSCNCCWSCCNS",20092,3432,"TF:M00000"
"query_1",TRUE,3.87228050195708e-06,14924,2124,1690,0.795668549905838,0.113240418118467,"TF:M11529_1","TF","Factor: E2F-2; motif: GCGCGCGCNCS; match class: 1",20092,1507,"TF:M11529"
"query_1",TRUE,4.00094297537121e-06,13118,2124,1510,0.710922787193974,0.115109010519896,"TF:M13124","TF","Factor: ZNF670; motif: SNGGGCRGRG",20092,11252,"TF:M00000"
"query_1",TRUE,4.11965842236313e-06,9593,2124,1145,0.539077212806026,0.119357865109976,"TF:M10432","TF","Factor: MAZ; motif: GGGMGGGGS",20092,5150,"TF:M00000"
"query_1",TRUE,7.62254675943959e-06,4505,2124,586,0.275894538606403,0.13007769145394,"TF:M12703_1","TF","Factor: ZNF383; motif: SSNGGGMGGNGSNGGS; match class: 1",20092,10409,"TF:M12703"
"query_1",TRUE,8.2231719110064e-06,6402,2124,798,0.375706214689266,0.12464854732896,"TF:M07208","TF","Factor: EGR1; motif: NCNCCGCCCCCGCN",20092,1656,"TF:M00000"
"query_1",TRUE,9.64484770441951e-06,16348,2124,1825,0.859227871939736,0.111634450697333,"TF:M11018_1","TF","Factor: IRX-1; motif: NACRYNNNNNNNNRYGNN; match class: 1",20092,4529,"TF:M11018"
"query_1",TRUE,9.68560103292725e-06,9452,2124,1127,0.53060263653484,0.11923402454507,"TF:M01857","TF","Factor: AP-2alpha; motif: NGCCYSNNGSN",20092,138,"TF:M00000"
"query_1",TRUE,1.00013819731409e-05,10192,2124,1205,0.567325800376648,0.118229984301413,"TF:M12597_1","TF","Factor: E2F1; motif: GSGCGGGAAN; match class: 1",20092,1483,"TF:M12597"
"query_1",TRUE,1.04045439174712e-05,2236,2124,320,0.150659133709981,0.143112701252236,"TF:M07141","TF","Factor: FPM315; motif: GGAGGAGGRRGRGGRGGRRGR",20092,10074,"TF:M00000"
"query_1",TRUE,1.05746798872681e-05,8966,2124,1075,0.506120527306968,0.119897390140531,"TF:M10112","TF","Factor: Miz-1; motif: NNRGGWGGGGGAGGGGMRR",20092,5362,"TF:M00000"
"query_1",TRUE,1.0681105934732e-05,12315,2124,1425,0.67090395480226,0.115712545676005,"TF:M02090","TF","Factor: E2F-4; motif: GCGGGAAANA",20092,1558,"TF:M00000"
"query_1",TRUE,1.06911569589323e-05,2187,2124,314,0.147834274952919,0.143575674439872,"TF:M03896_1","TF","Factor: EGR1; motif: NACGCCCACGCANW; match class: 1",20092,1647,"TF:M03896"
"query_1",TRUE,1.12933415492021e-05,6621,2124,821,0.38653483992467,0.123999395861652,"TF:M12508","TF","Factor: EGR1; motif: NNMCGCCCACGCNN",20092,1670,"TF:M00000"
"query_1",TRUE,1.18319083557624e-05,5880,2124,739,0.347928436911488,0.125680272108844,"TF:M12345","TF","Factor: Zbtb37; motif: NYACCGCRNTCACCGCR",20092,9382,"TF:M00000"
"query_1",TRUE,1.20691290237583e-05,8103,2124,982,0.462335216572505,0.121189682833518,"TF:M04823_1","TF","Factor: E2F-4; motif: NNTTCCCGCCNN; match class: 1",20092,1547,"TF:M04823"
"query_1",TRUE,1.38575166340073e-05,10623,2124,1249,0.58804143126177,0.117575072954909,"TF:M00931","TF","Factor: Sp1; motif: GGGGCGGGGC",20092,8072,"TF:M00000"
"query_1",TRUE,1.44942058997271e-05,3650,2124,486,0.228813559322034,0.133150684931507,"TF:M00982_1","TF","Factor: KROX; motif: CCCGCCCCCRCCCC; match class: 1",20092,4767,"TF:M00982"
"query_1",TRUE,1.63253165774613e-05,3446,2124,462,0.217514124293785,0.134068485200232,"TF:M13142_1","TF","Factor: ZBTB33; motif: GGYGCTG; match class: 1",20092,9377,"TF:M13142"
"query_1",TRUE,1.87741528255978e-05,7030,2124,864,0.406779661016949,0.122901849217639,"TF:M01219","TF","Factor: SP1:SP3; motif: CCSCCCCCYCC",20092,8036,"TF:M00000"
"query_1",TRUE,2.27702123366109e-05,10583,2124,1243,0.585216572504708,0.117452518189549,"TF:M00196","TF","Factor: Sp1; motif: NGGGGGCGGGGYN",20092,8070,"TF:M00000"
"query_1",TRUE,2.31053153521398e-05,7046,2124,865,0.407250470809793,0.122764689185353,"TF:M01118","TF","Factor: WT1; motif: SMCNCCNSC",20092,9222,"TF:M00000"
"query_1",TRUE,2.48047545787665e-05,7085,2124,869,0.409133709981168,0.122653493295695,"TF:M12464","TF","Factor: ZNF148; motif: NNCCCCTCCCCC",20092,9778,"TF:M00000"
"query_1",TRUE,2.5251995242014e-05,15421,2124,1733,0.815913370998117,0.11237922313728,"TF:M08526_1","TF","Factor: E2F-3:HES-7; motif: NNNSGCGCSNNNNNCRCGYGNN; match class: 1",20092,1521,"TF:M08526"
"query_1",TRUE,2.61410561574937e-05,6721,2124,829,0.39030131826742,0.123344740366017,"TF:M07436","TF","Factor: WT1; motif: NNGGGNGGGSGN",20092,9220,"TF:M00000"
"query_1",TRUE,2.8314727129465e-05,4754,2124,610,0.287193973634652,0.128312999579302,"TF:M01857_1","TF","Factor: AP-2alpha; motif: NGCCYSNNGSN; match class: 1",20092,139,"TF:M01857"
"query_1",TRUE,2.87204028197018e-05,9386,2124,1116,0.525423728813559,0.118900490091626,"TF:M08911","TF","Factor: CTCF; motif: NCCRSTAGGGGGCGC",20092,1162,"TF:M00000"
"query_1",TRUE,3.2558296719516e-05,9381,2124,1115,0.524952919020716,0.118857264683936,"TF:M00800","TF","Factor: AP-2; motif: GSCCSCRGGCNRNRNN",20092,154,"TF:M00000"
"query_1",TRUE,3.3829941123701e-05,12609,2124,1451,0.683145009416196,0.115076532635419,"TF:M12351","TF","Factor: TIEG1; motif: NCCCNSNCCCCGCCCCC",20092,9012,"TF:M00000"
"query_1",TRUE,3.70692883518643e-05,10993,2124,1284,0.604519774011299,0.11680160101883,"TF:M07395","TF","Factor: Sp1; motif: NGGGGCGGGGN",20092,8064,"TF:M00000"
"query_1",TRUE,4.01945978991631e-05,8358,2124,1005,0.47316384180791,0.12024407753051,"TF:M12351_1","TF","Factor: TIEG1; motif: NCCCNSNCCCCGCCCCC; match class: 1",20092,9013,"TF:M12351"
"query_1",TRUE,4.35541128457159e-05,7058,2124,864,0.406779661016949,0.122414281666194,"TF:M07329","TF","Factor: Osx; motif: CCNCCCCCNNN",20092,6400,"TF:M00000"
"query_1",TRUE,4.7081757333468e-05,11715,2124,1358,0.639359698681733,0.115919760990184,"TF:M13149","TF","Factor: ZNF219; motif: SNNCAGCACCNNGGNCAGCGSC",20092,9922,"TF:M00000"
"query_1",TRUE,5.33220676428418e-05,15301,2124,1719,0.809322033898305,0.112345598326907,"TF:M10438_1","TF","Factor: ZF5; motif: GGSGCGCGS; match class: 1",20092,9479,"TF:M10438"
"query_1",TRUE,7.406844726835e-05,14996,2124,1688,0.794726930320151,0.112563350226727,"TF:M07206","TF","Factor: E2F-1; motif: NGGGCGGGARV",20092,1476,"TF:M00000"
"query_1",TRUE,7.96145108546795e-05,8522,2124,1020,0.480225988700565,0.119690213564891,"TF:M10026","TF","Factor: PATZ; motif: GGGGNGGGGGMKGGRRNGGNRN",20092,6500,"TF:M00000"
"query_1",TRUE,8.0578084991737e-05,3220,2124,431,0.202919020715631,0.133850931677019,"TF:M12697","TF","Factor: ZNF142; motif: SNSCGCCCGCCCGCSCSS",20092,9772,"TF:M00000"
"query_1",TRUE,8.23744361465706e-05,11397,2124,1323,0.622881355932203,0.116083179784154,"TF:M12227","TF","Factor: ZIC4; motif: NNCCNCCCRYNGYGN",20092,9632,"TF:M00000"
"query_1",TRUE,9.09952136266986e-05,10337,2124,1212,0.570621468926554,0.117248718196769,"TF:M09723","TF","Factor: BTEB1; motif: GGGGGCGGGGCNGSGGGNGS",20092,628,"TF:M00000"
"query_1",TRUE,0.00010039204468744,3329,2124,443,0.208568738229755,0.133072994893361,"TF:M08878_1","TF","Factor: EGR; motif: CGCCCCCGCNN; match class: 1",20092,1713,"TF:M08878"
"query_1",TRUE,0.000106283298307154,9367,2124,1109,0.522128060263653,0.118394363189922,"TF:M12703","TF","Factor: ZNF383; motif: SSNGGGMGGNGSNGGS",20092,10408,"TF:M00000"
"query_1",TRUE,0.000125344897827375,8045,2124,967,0.455273069679849,0.120198881292728,"TF:M13128_1","TF","Factor: MED8; motif: CYYNSCYYCCTSCNCC; match class: 1",20092,5171,"TF:M13128"
"query_1",TRUE,0.000139972542587812,5616,2124,701,0.330037664783427,0.124821937321937,"TF:M07084_1","TF","Factor: E2F-4; motif: NGGCGGGAARN; match class: 1",20092,1549,"TF:M07084"
"query_1",TRUE,0.000140276175061376,14603,2124,1647,0.775423728813559,0.112785044169006,"TF:M00986","TF","Factor: Churchill; motif: CGGGNN",20092,854,"TF:M00000"
"query_1",TRUE,0.000140756252014252,8795,2124,1047,0.492937853107345,0.119044911881751,"TF:M13142","TF","Factor: ZBTB33; motif: GGYGCTG",20092,9376,"TF:M00000"
"query_1",TRUE,0.000146036622848885,3055,2124,410,0.193032015065913,0.134206219312602,"TF:M01219_1","TF","Factor: SP1:SP3; motif: CCSCCCCCYCC; match class: 1",20092,8037,"TF:M01219"
"query_1",TRUE,0.00015291662302246,2962,2124,399,0.187853107344633,0.134706279540851,"TF:M12461","TF","Factor: ZBTB14; motif: SSCCGCGCACNS",20092,9340,"TF:M00000"
"query_1",TRUE,0.000162577265182868,14860,2124,1672,0.787193973634652,0.112516823687752,"TF:M08205","TF","Factor: E2F-1:Elk-1; motif: SGCGCSNNAMCGGAAGT",20092,1464,"TF:M00000"
"query_1",TRUE,0.000166182044878287,6939,2124,846,0.398305084745763,0.121919584954604,"TF:M12590_1","TF","Factor: CP2; motif: NRRRCCGGCYNRARCCGGNN; match class: 1",20092,8889,"TF:M12590"
"query_1",TRUE,0.000182011456984539,5337,2124,669,0.314971751412429,0.125351320966835,"TF:M09761","TF","Factor: EGR1; motif: NGNGKGGGYGGNGS",20092,1662,"TF:M00000"
"query_1",TRUE,0.000220058241869423,4126,2124,532,0.250470809792844,0.128938439166263,"TF:M03893_1","TF","Factor: WT1; motif: GNGGGGGCGGGG; match class: 1",20092,9227,"TF:M03893"
"query_1",TRUE,0.00022718677189047,4524,2124,577,0.27165725047081,0.127541998231653,"TF:M10426_1","TF","Factor: ctcf; motif: CCRSCAGGGGGCGCN; match class: 1",20092,1173,"TF:M10426"
"query_1",TRUE,0.000253699852351616,9070,2124,1074,0.505649717514124,0.118412348401323,"TF:M08487_1","TF","Factor: GCMa:Erg; motif: ATGCGGGCGGAARKG; match class: 1",20092,3159,"TF:M08487"
"query_1",TRUE,0.000255703939106471,6707,2124,819,0.385593220338983,0.122111227076189,"TF:M09898","TF","Factor: Egr-2; motif: GNGRRNGWGKGGGNGGRG",20092,1682,"TF:M00000"
"query_1",TRUE,0.000258318551260851,2575,2124,352,0.165725047080979,0.136699029126214,"TF:M10134","TF","Factor: FPM315; motif: GGGAGGAGGRRGRGGRGGRR",20092,2928,"TF:M00000"
"query_1",TRUE,0.000271514591110429,2729,2124,370,0.174199623352166,0.135580798827409,"TF:M10111","TF","Factor: ZF5; motif: NGAGCGCGC",20092,9476,"TF:M00000"
"query_1",TRUE,0.000349087002711729,3250,2124,430,0.202448210922787,0.132307692307692,"TF:M01858_1","TF","Factor: AP-2beta; motif: GCNNNGGSCNGVGGGN; match class: 1",20092,141,"TF:M01858"
"query_1",TRUE,0.000355855945951812,5692,2124,706,0.332391713747646,0.124033731553057,"TF:M07250_1","TF","Factor: E2F-1; motif: NNNSSCGCSAANN; match class: 1",20092,1491,"TF:M07250"
"query_1",TRUE,0.000374426548590834,9754,2124,1145,0.539077212806026,0.117387738363748,"TF:M11022","TF","Factor: IRX2a; motif: ACRYGNNNNACRYGT",20092,4538,"TF:M00000"
"query_1",TRUE,0.00038774945231191,2772,2124,374,0.17608286252354,0.134920634920635,"TF:M01873_1","TF","Factor: Egr-1; motif: GCGGGGGCGG; match class: 1",20092,1675,"TF:M01873"
"query_1",TRUE,0.000429054584901838,14002,2124,1583,0.745291902071563,0.113055277817455,"TF:M03876","TF","Factor: Kaiso; motif: GCMGGGRGCRGS",20092,4678,"TF:M00000"
"query_1",TRUE,0.000503504860152413,12103,2124,1389,0.653954802259887,0.114764934313806,"TF:M11058","TF","Factor: Hey1; motif: NGCRCGYGYN",20092,3508,"TF:M00000"
"query_1",TRUE,0.000552437001924699,11055,2124,1280,0.602636534839925,0.115784712799638,"TF:M07250","TF","Factor: E2F-1; motif: NNNSSCGCSAANN",20092,1490,"TF:M00000"
"query_1",TRUE,0.000570113224827466,15206,2124,1702,0.801318267419962,0.111929501512561,"TF:M11601","TF","Factor: TCF-1; motif: ACATCGRGRCGCTGW",20092,8628,"TF:M00000"
"query_1",TRUE,0.000577803071476339,9610,2124,1128,0.531073446327684,0.117377731529657,"TF:M00649","TF","Factor: MAZ; motif: GGGGAGGG",20092,5156,"TF:M00000"
"query_1",TRUE,0.000641272077903808,9284,2124,1093,0.514595103578154,0.117729426971133,"TF:M10086","TF","Factor: TAFII250; motif: RARRWGGCGGMGGNGR",20092,8392,"TF:M00000"
"query_1",TRUE,0.000643518377773325,4220,2124,539,0.25376647834275,0.127725118483412,"TF:M10112_1","TF","Factor: Miz-1; motif: NNRGGWGGGGGAGGGGMRR; match class: 1",20092,5363,"TF:M10112"
"query_1",TRUE,0.000690082070884808,4284,2124,546,0.257062146892655,0.127450980392157,"TF:M01072","TF","Factor: HIC1; motif: NSNNNNTGCCCSSNN",20092,3532,"TF:M00000"
"query_1",TRUE,0.000713035740167371,6433,2124,785,0.369585687382298,0.122027048033577,"TF:M11022_1","TF","Factor: IRX2a; motif: ACRYGNNNNACRYGT; match class: 1",20092,4539,"TF:M11022"
"query_1",TRUE,0.000803890442620281,16645,2124,1841,0.866760828625235,0.110603784920397,"TF:M09894","TF","Factor: E2F-4; motif: SNGGGCGGGAANN",20092,1550,"TF:M00000"
"query_1",TRUE,0.000804823627440178,6410,2124,782,0.368173258003766,0.121996879875195,"TF:M08875","TF","Factor: E2F; motif: NNTTTCGCGCN",20092,1602,"TF:M00000"
"query_1",TRUE,0.000936202620347511,13132,2124,1492,0.702448210922787,0.113615595491928,"TF:M13128","TF","Factor: MED8; motif: CYYNSCYYCCTSCNCC",20092,5170,"TF:M00000"
"query_1",TRUE,0.000987909336811211,10171,2124,1185,0.557909604519774,0.116507718021827,"TF:M11058_1","TF","Factor: Hey1; motif: NGCRCGYGYN; match class: 1",20092,3509,"TF:M11058"
"query_1",TRUE,0.00100169783613539,10858,2124,1257,0.59180790960452,0.115767176275557,"TF:M10072","TF","Factor: sp4; motif: NNGNARGRGGCGGRGCNNRR",20092,8110,"TF:M00000"
"query_1",TRUE,0.00134722109215069,5314,2124,659,0.310263653483992,0.124012043658261,"TF:M00469","TF","Factor: AP-2alpha; motif: GCCNNNRGS",20092,130,"TF:M00000"
"query_1",TRUE,0.00155374277589757,11259,2124,1297,0.610640301318267,0.115196731503686,"TF:M01886_1","TF","Factor: NFATc3; motif: GGAAAA; match class: 1",20092,5763,"TF:M01886"
"query_1",TRUE,0.00155374277589757,11259,2124,1297,0.610640301318267,0.115196731503686,"TF:M01281_1","TF","Factor: NFATc2; motif: GGAAAA; match class: 1",20092,5751,"TF:M01281"
"query_1",TRUE,0.00155374277589757,11259,2124,1297,0.610640301318267,0.115196731503686,"TF:M03555_1","TF","Factor: NFATc2; motif: GGAAAA; match class: 1",20092,5747,"TF:M03555"
"query_1",TRUE,0.00166800335628384,16908,2124,1864,0.87758945386064,0.110243671634729,"TF:M01240","TF","Factor: BEN; motif: CAGCGRNV",20092,512,"TF:M00000"
"query_1",TRUE,0.00167850792600239,4091,2124,521,0.245291902071563,0.127352725494989,"TF:M08911_1","TF","Factor: CTCF; motif: NCCRSTAGGGGGCGC; match class: 1",20092,1163,"TF:M08911"
"query_1",TRUE,0.00169919740465151,17373,2124,1908,0.898305084745763,0.109825591434985,"TF:M11018","TF","Factor: IRX-1; motif: NACRYNNNNNNNNRYGNN",20092,4528,"TF:M00000"
"query_1",TRUE,0.00173117782094613,7661,2124,915,0.430790960451977,0.119436104947135,"TF:M01858","TF","Factor: AP-2beta; motif: GCNNNGGSCNGVGGGN",20092,140,"TF:M00000"
"query_1",TRUE,0.00176744335688945,10766,2124,1245,0.586158192090395,0.115641835407765,"TF:M00932","TF","Factor: Sp1; motif: NNGGGGCGGGGNN",20092,8068,"TF:M00000"
"query_1",TRUE,0.00216205856144789,5556,2124,684,0.322033898305085,0.123110151187905,"TF:M12140","TF","Factor: Egr-1; motif: NNCRCCCMCGCNN",20092,1668,"TF:M00000"
"query_1",TRUE,0.00217216360933025,5728,2124,703,0.330979284369115,0.122730446927374,"TF:M05327","TF","Factor: WT1; motif: NGCGGGGGGGTSMMCYN",20092,9216,"TF:M00000"
"query_1",TRUE,0.00222355168523373,7949,2124,945,0.444915254237288,0.118882878349478,"TF:M10435","TF","Factor: Sp2; motif: GGGGCGGGG",20092,8086,"TF:M00000"
"query_1",TRUE,0.00222799735286937,8042,2124,955,0.449623352165725,0.118751554339716,"TF:M00940","TF","Factor: E2F-1; motif: NTTTCGCGCS",20092,1496,"TF:M00000"
"query_1",TRUE,0.00227217867407895,3320,2124,432,0.203389830508475,0.130120481927711,"TF:M05439_1","TF","Factor: RREB-1; motif: GGGWCSA; match class: 1",20092,7549,"TF:M05439"
"query_1",TRUE,0.00238414112358563,7655,2124,913,0.42984934086629,0.119268451992162,"TF:M01241","TF","Factor: BEN; motif: CWGCGAYA",20092,514,"TF:M00000"
"query_1",TRUE,0.00242262200885483,6826,2124,823,0.387476459510358,0.120568414884266,"TF:M13149_1","TF","Factor: ZNF219; motif: SNNCAGCACCNNGGNCAGCGSC; match class: 1",20092,9923,"TF:M13149"
"query_1",TRUE,0.00247069648197267,6205,2124,755,0.355461393596987,0.121676067687349,"TF:M09723_1","TF","Factor: BTEB1; motif: GGGGGCGGGGCNGSGGGNGS; match class: 1",20092,629,"TF:M09723"
"query_1",TRUE,0.00252869092414432,5264,2124,651,0.306497175141243,0.123670212765957,"TF:M04797","TF","Factor: Egr-1; motif: CCGCCCMCG",20092,1648,"TF:M00000"
"query_1",TRUE,0.00275650090168894,6355,2124,771,0.362994350282486,0.1213217938631,"TF:M00244","TF","Factor: NGFI-C; motif: WTGCGTGGGYGG",20092,5940,"TF:M00000"
"query_1",TRUE,0.00295723954141755,1022,2124,157,0.0739171374764595,0.153620352250489,"TF:M12697_1","TF","Factor: ZNF142; motif: SNSCGCCCGCCCGCSCSS; match class: 1",20092,9773,"TF:M12697"
"query_1",TRUE,0.00318300492409383,15055,2124,1681,0.791431261770245,0.11165725672534,"TF:M07289","TF","Factor: GKLF; motif: NNNRGGNGNGGSN",20092,3290,"TF:M00000"
"query_1",TRUE,0.0033400604099042,8702,2124,1024,0.48210922787194,0.117674097908527,"TF:M03807","TF","Factor: SP2; motif: GNNGGGGGCGGGGSN",20092,8096,"TF:M00000"
"query_1",TRUE,0.00344484359357646,16494,2124,1822,0.857815442561205,0.110464411301079,"TF:M01281","TF","Factor: NFATc2; motif: GGAAAA",20092,5750,"TF:M00000"
"query_1",TRUE,0.00344484359357646,16494,2124,1822,0.857815442561205,0.110464411301079,"TF:M01886","TF","Factor: NFATc3; motif: GGAAAA",20092,5762,"TF:M00000"
"query_1",TRUE,0.00344484359357646,16494,2124,1822,0.857815442561205,0.110464411301079,"TF:M03555","TF","Factor: NFATc2; motif: GGAAAA",20092,5746,"TF:M00000"
"query_1",TRUE,0.00352451608912081,915,2124,143,0.0673258003766478,0.156284153005464,"TF:M07141_1","TF","Factor: FPM315; motif: GGAGGAGGRRGRGGRGGRRGR; match class: 1",20092,10075,"TF:M07141"
"query_1",TRUE,0.00363697419728164,6001,2124,731,0.344161958568738,0.121813031161473,"TF:M00426_1","TF","Factor: E2F; motif: TTTSGCGS; match class: 1",20092,1597,"TF:M00426"
"query_1",TRUE,0.00387411019032967,8783,2124,1032,0.485875706214689,0.117499715359217,"TF:M10071","TF","Factor: Sp1; motif: NGGGGGCGGGGCCNGGGGGGGG",20092,8052,"TF:M00000"
"query_1",TRUE,0.00391011954789866,7953,2124,943,0.443973634651601,0.118571608198164,"TF:M11883_1","TF","Factor: pax-6; motif: NYACGCNTSRNYGCNYN; match class: 1",20092,6599,"TF:M11883"
"query_1",TRUE,0.00404331442601761,16800,2124,1851,0.871468926553672,0.110178571428571,"TF:M07039","TF","Factor: ETF; motif: CCCCGCCCCYN",20092,2222,"TF:M00000"
"query_1",TRUE,0.00410800419655565,10172,2124,1179,0.555084745762712,0.115906409752261,"TF:M01865","TF","Factor: BTEB3; motif: BNRNGGGAGGNGT",20092,652,"TF:M00000"
"query_1",TRUE,0.00437283529105835,1570,2124,224,0.105461393596987,0.142675159235669,"TF:M12737","TF","Factor: ZNF610; motif: NSCGCCGCTCCSNN",20092,11100,"TF:M00000"
"query_1",TRUE,0.00478443976373891,3412,2124,440,0.207156308851224,0.128956623681125,"TF:M00469_1","TF","Factor: AP-2alpha; motif: GCCNNNRGS; match class: 1",20092,131,"TF:M00469"
"query_1",TRUE,0.00496677696114215,5541,2124,679,0.319679849340866,0.122541057570836,"TF:M01972","TF","Factor: EGR-1; motif: TGCGTGGGCGK",20092,1644,"TF:M00000"
"query_1",TRUE,0.00513954567094555,1847,2124,257,0.120998116760829,0.139144558743909,"TF:M12345_1","TF","Factor: Zbtb37; motif: NYACCGCRNTCACCGCR; match class: 1",20092,9383,"TF:M12345"
"query_1",TRUE,0.00543471483747299,4538,2124,567,0.266949152542373,0.124944909651829,"TF:M10432_1","TF","Factor: MAZ; motif: GGGMGGGGS; match class: 1",20092,5151,"TF:M10432"
"query_1",TRUE,0.00561540503154878,3347,2124,432,0.203389830508475,0.129070809680311,"TF:M01587","TF","Factor: FPM315; motif: SRGGGAGGAGGN",20092,2926,"TF:M00000"
"query_1",TRUE,0.00566543077190379,6593,2124,794,0.373822975517891,0.12043075989686,"TF:M02090_1","TF","Factor: E2F-4; motif: GCGGGAAANA; match class: 1",20092,1559,"TF:M02090"
"query_1",TRUE,0.00569236241988214,10910,2124,1255,0.590866290018832,0.115032080659945,"TF:M07289_1","TF","Factor: GKLF; motif: NNNRGGNGNGGSN; match class: 1",20092,3291,"TF:M07289"
"query_1",TRUE,0.0059892369433415,14141,2124,1587,0.747175141242938,0.112226858072272,"TF:M04106","TF","Factor: RUNX2; motif: NRACCGCAAACCGCAN",20092,7560,"TF:M00000"
"query_1",TRUE,0.00646283669405019,13729,2124,1545,0.727401129943503,0.112535508777041,"TF:M04515","TF","Factor: E2F-1; motif: WWTGGCGCCAAA",20092,1472,"TF:M00000"
"query_1",TRUE,0.00650764111313208,617,2124,103,0.0484934086629002,0.166936790923825,"TF:M10134_1","TF","Factor: FPM315; motif: GGGAGGAGGRRGRGGRGGRR; match class: 1",20092,2929,"TF:M10134"
"query_1",TRUE,0.00652913500857227,8188,2124,966,0.454802259887006,0.117977528089888,"TF:M01303","TF","Factor: SP1; motif: GGGGYGGGGNS",20092,8040,"TF:M00000"
"query_1",TRUE,0.00801443891133148,8879,2124,1039,0.489171374764595,0.117017682171416,"TF:M05439","TF","Factor: RREB-1; motif: GGGWCSA",20092,7548,"TF:M00000"
"query_1",TRUE,0.00838537706420969,8301,2124,977,0.459981167608286,0.117696663052644,"TF:M07348","TF","Factor: AP-2alpha; motif: NSCCNCRGGSN",20092,136,"TF:M00000"
"query_1",TRUE,0.0083946835612276,15879,2124,1759,0.828154425612053,0.110775237735374,"TF:M11882","TF","Factor: pax-6; motif: NYACGCNYSANYGMNCN",20092,6596,"TF:M00000"
"query_1",TRUE,0.00891084324667234,7959,2124,940,0.44256120527307,0.118105289609247,"TF:M03567","TF","Factor: Sp2; motif: NYSGCCCCGCCCCCY",20092,8094,"TF:M00000"
"query_1",TRUE,0.0101626444937037,5722,2124,696,0.327683615819209,0.12163579168123,"TF:M04950_1","TF","Factor: Egr-1; motif: NGCGTGCGY; match class: 1",20092,1655,"TF:M04950"
"query_1",TRUE,0.0101791000353162,2731,2124,359,0.169020715630885,0.131453679970707,"TF:M02105","TF","Factor: NF-E4; motif: CHCCCTCKCCWG",20092,5850,"TF:M00000"
"query_1",TRUE,0.0113489955701991,11342,2124,1297,0.610640301318267,0.11435372950097,"TF:M12590","TF","Factor: CP2; motif: NRRRCCGGCYNRARCCGGNN",20092,8888,"TF:M00000"
"query_1",TRUE,0.0142981405667264,10292,2124,1186,0.558380414312618,0.115235134084726,"TF:M04148","TF","Factor: TFAP2A; motif: NGCCCYNNGGGCN",20092,8782,"TF:M00000"
"query_1",TRUE,0.0157026727744733,2314,2124,309,0.145480225988701,0.133535004321521,"TF:M12508_1","TF","Factor: EGR1; motif: NNMCGCCCACGCNN; match class: 1",20092,1671,"TF:M12508"
"query_1",TRUE,0.0159234838801305,9851,2124,1139,0.536252354048964,0.115622779413258,"TF:M04148_1","TF","Factor: TFAP2A; motif: NGCCCYNNGGGCN; match class: 1",20092,8783,"TF:M04148"
"query_1",TRUE,0.016380341466397,10279,2124,1184,0.55743879472693,0.115186302169472,"TF:M09896","TF","Factor: E2F-7; motif: GRGGCGGGAANNN",20092,1570,"TF:M00000"
"query_1",TRUE,0.0177143141720689,15000,2124,1669,0.785781544256121,0.111266666666667,"TF:M11530","TF","Factor: E2F-2; motif: NWTTTGGCGCCAWWNN",20092,1508,"TF:M00000"
"query_1",TRUE,0.0180197697306649,4010,2124,503,0.236817325800377,0.125436408977556,"TF:M00976","TF","Factor: AhR,; motif: NRCGTGNGN",20092,16,"TF:M00000"
"query_1",TRUE,0.0188446554148741,3105,2124,400,0.188323917137476,0.128824476650564,"TF:M09760_1","TF","Factor: DPF2; motif: NYCACYTCCYCNYYCY; match class: 1",20092,1391,"TF:M09760"
"query_1",TRUE,0.0191417924639433,4520,2124,560,0.263653483992467,0.123893805309735,"TF:M12648","TF","Factor: PATZ1; motif: SCNCCNCNSCCCCCASCCN",20092,6502,"TF:M00000"
"query_1",TRUE,0.0192875298335532,10667,2124,1224,0.576271186440678,0.114746414174557,"TF:M00736","TF","Factor: E2F-1:DP-1; motif: TTTCSCGC",20092,1460,"TF:M00000"
"query_1",TRUE,0.0207304750445817,8639,2124,1009,0.475047080979284,0.116795925454335,"TF:M04106_1","TF","Factor: RUNX2; motif: NRACCGCAAACCGCAN; match class: 1",20092,7561,"TF:M04106"
"query_1",TRUE,0.0210314193818169,5460,2124,664,0.312617702448211,0.121611721611722,"TF:M09658","TF","Factor: Sp2; motif: GGSNNGGGGGCGGGGCCNGNGS",20092,8084,"TF:M00000"
"query_1",TRUE,0.0211942023569566,16106,2124,1778,0.837099811676083,0.110393642120949,"TF:M12599_1","TF","Factor: E2F4; motif: YCCCGCCNCNNSSNNSNN; match class: 1",20092,1555,"TF:M12599"
"query_1",TRUE,0.0215730653131226,8435,2124,987,0.464689265536723,0.11701244813278,"TF:M07040_1","TF","Factor: GKLF; motif: NNRRGRRNGNSNNN; match class: 1",20092,3289,"TF:M07040"
"query_1",TRUE,0.0227595704278556,12550,2124,1419,0.668079096045198,0.113067729083665,"TF:M04515_1","TF","Factor: E2F-1; motif: WWTGGCGCCAAA; match class: 1",20092,1473,"TF:M04515"
"query_1",TRUE,0.023033898299013,10019,2124,1155,0.543785310734463,0.115280966164288,"TF:M00933","TF","Factor: Sp1; motif: CCCCGCCCCN",20092,8062,"TF:M00000"
"query_1",TRUE,0.024824870371265,7520,2124,888,0.418079096045198,0.118085106382979,"TF:M01175","TF","Factor: CKROX; motif: SCCCTCCCC",20092,872,"TF:M00000"
"query_1",TRUE,0.0264567784527645,8978,2124,1044,0.491525423728814,0.116284250389842,"TF:M00737","TF","Factor: E2F-1:DP-2; motif: TTTSSCGC",20092,1462,"TF:M00000"
"query_1",TRUE,0.0279807917390022,3433,2124,436,0.205273069679849,0.127002621613749,"TF:M05444_1","TF","Factor: CPBP; motif: NGGGCGG; match class: 1",20092,965,"TF:M05444"
"query_1",TRUE,0.0279807917390022,3433,2124,436,0.205273069679849,0.127002621613749,"TF:M05332_1","TF","Factor: Sp2; motif: WGGGCGG; match class: 1",20092,8079,"TF:M05332"
"query_1",TRUE,0.0279807917390022,3433,2124,436,0.205273069679849,0.127002621613749,"TF:M05361_1","TF","Factor: Sp6; motif: WGGGCGG; match class: 1",20092,8125,"TF:M05361"
"query_1",TRUE,0.0287259719303611,5264,2124,641,0.301789077212806,0.121770516717325,"TF:M12694_1","TF","Factor: ZFP14; motif: SCNNYCCNGNNSCTSCNC; match class: 1",20092,9499,"TF:M12694"
"query_1",TRUE,0.0344726417114431,7035,2124,834,0.392655367231638,0.118550106609808,"TF:M07615","TF","Factor: Sp3; motif: GGGGCGGGGSNN",20092,8106,"TF:M00000"
"query_1",TRUE,0.0355256139646674,16523,2124,1817,0.855461393596987,0.109967923500575,"TF:M00716","TF","Factor: ZF5; motif: GSGCGCGR",20092,9474,"TF:M00000"
"query_1",TRUE,0.0355820997633849,7258,2124,858,0.403954802259887,0.118214384127859,"TF:M08309_1","TF","Factor: GCMa:Elk-1; motif: RTGNGGGCGGAAGNN; match class: 1",20092,3153,"TF:M08309"
"query_1",TRUE,0.0375605022288656,520,2124,87,0.0409604519774011,0.167307692307692,"TF:M12461_1","TF","Factor: ZBTB14; motif: SSCCGCGCACNS; match class: 1",20092,9341,"TF:M12461"
"query_1",TRUE,0.0378397438222128,2304,2124,305,0.143596986817326,0.132378472222222,"TF:M13146_1","TF","Factor: ZNF232; motif: NCAGCASCNNGGNCAGCGCC; match class: 1",20092,9987,"TF:M13146"
"query_1",TRUE,0.0392781548042986,12487,2124,1410,0.663841807909605,0.112917434131497,"TF:M00360","TF","Factor: Pax-3; motif: TCGTCACRCTTHM",20092,6522,"TF:M00000"
"query_1",TRUE,0.0450055021041703,2671,2124,347,0.163370998116761,0.129913889928866,"TF:M09898_1","TF","Factor: Egr-2; motif: GNGRRNGWGKGGGNGGRG; match class: 1",20092,1683,"TF:M09898"
"query_1",TRUE,0.0461164720854199,1623,2124,224,0.105461393596987,0.138016019716574,"TF:M09761_1","TF","Factor: EGR1; motif: NGNGKGGGYGGNGS; match class: 1",20092,1663,"TF:M09761"
"query_1",TRUE,0.0476737004521175,10318,2124,1183,0.556967984934087,0.114654002713704,"TF:M12704","TF","Factor: ZNF432; motif: NCAGNRCCNSRGRCAGC",20092,10536,"TF:M00000"
