"category","subcategory","ID","Description","GeneRatio","BgRatio","RichFactor","FoldEnrichment","zScore","pvalue","p.adjust","qvalue","geneID","Count"
"Environmental Information Processing","Signal transduction","hsa04015","Rap1 signaling pathway","58/1028","212/9436",0.273584905660377,2.51123265545848,7.78145429362311,1.34167842210121e-11,4.53487306670209e-09,3.26239700531978e-09,"10451/2773/1435/55740/10000/56288/51196/10411/4254/3479/2254/5587/26037/5228/7057/83660/115/2903/5579/27040/2775/3674/3690/5608/25780/805/9855/23236/5332/135/5880/5291/5028/5584/5290/2250/1950/56034/9693/2149/1946/51735/64411/2246/5159/5603/4301/5898/1956/9863/2770/9732/2260/284/2776/1902/2889/7410",58
"Organismal Systems","Development and regeneration","hsa04360","Axon guidance","45/1028","184/9436",0.244565217391304,2.24486127558789,5.96256621406527,1.1094798032964e-07,1.87502086757091e-05,1.34889386611299e-05,"2046/2773/23380/55740/56288/6387/6585/5058/23365/81029/57522/59277/80031/4756/6093/9475/54910/7852/659/2043/5880/7474/6092/6091/2042/5291/5290/5062/658/8633/817/9037/5921/1946/22885/6586/2534/2770/10512/10371/223117/91584/5747/10507/5998",45
"Environmental Information Processing","Signal transduction","hsa04010","MAPK signaling pathway","62/1028","300/9436",0.206666666666667,1.89699092088197,5.5206699925656,3.7427411231121e-07,4.21682166537297e-05,3.03359017346981e-05,"6195/1647/1435/356/777/7042/10000/1326/355/408/5058/775/80824/4254/3479/51347/2254/4149/4293/5228/2353/9252/10125/283748/5607/23162/5579/6416/57551/4763/9020/5608/25780/9448/3554/3553/10746/51776/1386/2066/6789/5880/8911/776/5922/5062/2069/2250/1950/56034/9693/5921/1946/2246/5159/5603/6885/6196/1956/781/2260/284",62
"Organismal Systems","Environmental adaptation","hsa04713","Circadian entrainment","26/1028","97/9436",0.268041237113402,2.46034738657788,5.05490520086007,9.26803560069054e-06,0.000686538341280182,0.000493897093851517,"2773/9722/55811/6262/5592/4544/775/2353/9252/6263/10681/115/2903/5579/2775/805/1385/23236/5332/8911/776/817/2891/2890/2770/2776",26
"Organismal Systems","Endocrine system","hsa04928","Parathyroid hormone synthesis, secretion and action","29/1028","115/9436",0.252173913043478,2.31470140416173,4.95982040567807,1.05860695525369e-05,0.000686538341280182,0.000493897093851517,"5142/2773/408/4040/3709/2353/11214/115/5579/342538/596/5143/27347/1386/1385/23236/5332/10893/1591/5337/10568/5144/860/6446/1956/2770/2260/2776/65268",29
"Cellular Processes","Cellular community - eukaryotes","hsa04510","Focal adhesion","43/1028","203/9436",0.211822660098522,1.94431772440628,4.75571587761041,1.21870711469855e-05,0.000686538341280182,0.000493897093851517,"10451/4660/10000/1793/55742/5058/7450/3479/5228/7057/83660/22801/5579/3674/3690/3691/6093/596/81/9475/3694/2335/1286/5880/2317/4638/3693/256076/5291/5290/5062/1950/56034/5159/2534/1956/1278/5649/5747/53358/2889/7410/331",43
"Cellular Processes","Cell motility","hsa04810","Regulation of actin cytoskeleton","47/1028","232/9436",0.202586206896552,1.85953642828391,4.63490815802263,1.68297210932246e-05,0.000799300718799185,0.000575018580014362,"731/10451/4660/55740/10000/6387/1793/5058/23365/2254/221178/81624/22801/4629/3674/3690/3691/6093/81/9475/81553/10096/7852/3694/2335/5880/4638/3693/5291/5290/5062/2250/1950/56034/729/10788/2149/324/2246/5159/1956/2260/51571/5747/1902/2934/7410",47
"Cellular Processes","Cell motility","hsa04820","Cytoskeleton in muscle cells","47/1028","233/9436",0.201716738197425,1.85155558524407,4.60200842432275,1.89183602082647e-05,0.000799300718799185,0.000575018580014362,"832/255631/1301/7135/84033/4811/56776/10529/118461/288/8082/1634/81624/23002/7057/825/29766/83660/7168/22801/4629/8735/3674/3690/3691/1837/6382/6711/2274/114793/3694/129446/1281/1290/2335/1286/2192/22989/3693/256076/171024/2201/6444/23345/1278/2318/85301",47
"Organismal Systems","Immune system","hsa04611","Platelet activation","30/1028","126/9436",0.238095238095238,2.18547341115434,4.68407033606236,2.51358814598196e-05,0.000943991992602116,0.000679109779791619,"2773/10000/5592/6786/23365/7450/3709/10125/283748/83660/115/3674/3690/6093/9475/1281/23236/5332/4638/5291/5028/5584/5290/2149/5603/2534/2770/1278/4846/2776",30
"Environmental Information Processing","Signal transduction","hsa04350","TGF-beta signaling pathway","27/1028","110/9436",0.245454545454545,2.25302440749912,4.62199345046277,3.55850246320257e-05,0.00120277383256247,0.000865277967368203,"6497/7042/7044/1634/652/26585/7057/4091/79875/4756/1387/9611/64750/7050/6093/4092/4052/92/90/659/658/10468/9765/285704/653/3624/392255",27
"Cellular Processes","Cellular community - eukaryotes","hsa04520","Adherens junction","24/1028","93/9436",0.258064516129032,2.36877118112213,4.63820896160024,4.00265685466707e-05,0.00122990728807043,0.000884797831031667,"117178/56288/29119/10580/6934/5795/10810/4008/7082/1387/64750/5797/6093/81/9475/9855/5770/5880/6885/2534/4301/1956/2260/6591",24
"Environmental Information Processing","Signal transduction","hsa04340","Hedgehog signaling pathway","17/1028","56/9436",0.303571428571429,2.78647859922179,4.68825872364419,5.92694173014965e-05,0.00166942192065882,0.00120098556110927,"55733/84976/8945/57758/408/122011/53944/374654/64750/596/2736/102800317/2121/64399/1456/23291/2737",17
"Human Diseases","Cancer: overview","hsa05205","Proteoglycans in cancer","41/1028","204/9436",0.200980392156863,1.84479667353323,4.26521118080923,6.93454200654867e-05,0.00180298092170265,0.00129706818098198,"10451/356/4660/7042/10000/288/355/51196/960/2017/5058/23365/81029/3709/4193/10818/1634/3479/7057/5579/3690/6093/9475/6382/2066/2335/7078/7474/3693/5291/5290/10855/817/2549/5603/1956/8321/1278/2260/5747/7410",41
"Human Diseases","Infectious disease: bacterial","hsa05131","Shigellosis","47/1028","253/9436",0.185770750988142,1.70518755478999,3.97551838052919,0.000158753646362626,0.00383276660504054,0.00275730017366666,"10000/51196/8945/1793/960/2017/3709/4193/2308/9252/83660/7314/10801/57521/6093/5289/596/81/9475/5581/3554/3553/10096/23236/5332/598/84557/63916/5580/5291/5290/3576/831/7416/7322/23291/8878/8351/8355/5603/6885/2309/9265/1956/8767/5747/23048",47
"Environmental Information Processing","Signal transduction","hsa04151","PI3K-Akt signaling pathway","62/1028","362/9436",0.171270718232044,1.57209192338285,3.88098418008807,0.000177151166964224,0.00399180629559385,0.00287171365394637,"5586/1435/356/10000/7450/4193/4254/3479/2254/10161/55012/5228/7057/10681/22801/3566/3674/3690/3691/57521/596/5585/3694/1386/1385/2066/2335/1286/598/5008/3693/256076/5523/5291/5290/2069/2250/1950/56034/5618/3575/2690/2149/1946/2246/5159/2309/6446/1956/9863/1021/1278/5649/4846/1978/2260/3574/284/5747/3717/3439/1902",62
"Human Diseases","Cancer: specific types","hsa05218","Melanoma","19/1028","73/9436",0.26027397260274,2.38905175630297,4.16575289075601,0.000220599661946249,0.00464842581574411,0.00334408708638085,"1647/10000/4193/3479/2254/1869/4286/5291/5290/2250/1950/56034/51426/2246/5159/1871/1956/1021/2260",19
"Organismal Systems","Endocrine system","hsa04935","Growth hormone synthesis, secretion and action","27/1028","122/9436",0.221311475409836,2.03141544938445,4.00928185916753,0.000233796564697189,0.00464842581574411,0.00334408708638085,"2773/55811/10000/775/3709/3479/2353/1387/115/5579/6416/5608/1386/1385/23236/5332/776/5291/5290/6750/2690/5603/2770/5747/3717/2776/53358",27
"Environmental Information Processing","Signal transduction","hsa04024","cAMP signaling pathway","42/1028","226/9436",0.185840707964602,1.70582968906029,3.75530732631862,0.000345915595234716,0.00601540147592673,0.00432749218604508,"5142/10451/2773/55811/6262/10000/51196/5058/775/10411/10257/2353/10021/1387/115/2903/6093/5143/9475/805/1385/135/5880/776/5291/5337/5290/6750/817/64399/2891/5144/2149/814/64411/2890/5350/10846/4301/2737/2770/7410",42
"Human Diseases","Infectious disease: viral","hsa05163","Human cytomegalovirus infection","42/1028","226/9436",0.185840707964602,1.70582968906029,3.75530732631862,0.000345915595234716,0.00601540147592673,0.00432749218604508,"2773/356/10000/6387/355/23365/3709/4193/2923/10681/11214/115/5579/2775/6348/414062/3690/5608/6093/9475/805/3554/3553/7852/1386/1385/23236/5332/1869/5880/5291/5290/3576/1871/5603/1956/2770/1021/1978/5747/3439/2776",42
"Human Diseases","Infectious disease: bacterial","hsa05135","Yersinia infection","29/1028","138/9436",0.210144927536232,1.92891783680144,3.84364467426232,0.00035594091573531,0.00601540147592673,0.00432749218604508,"6195/5586/10451/3586/10000/1793/23365/9815/2353/27040/6416/5608/6093/5585/9475/3553/10096/2335/63916/5880/5291/5290/3576/5603/6885/6196/5747/2776/7410",29
"Environmental Information Processing","Signal transduction","hsa04014","Ras signaling pathway","43/1028","238/9436",0.180672268907563,1.65838864728771,3.59704000265625,0.000550385990452452,0.00879564219307531,0.0063276030725643,"1435/356/23179/10000/51196/5058/4254/3479/2254/5228/10125/283748/10681/2903/5579/27040/4763/10928/25780/805/598/57148/6789/5880/5291/5922/5337/5290/5062/2250/1950/2549/56034/5921/1946/2246/5159/4301/5898/1956/2260/284/53358",43
"Human Diseases","Infectious disease: parasitic","hsa05142","Chagas disease","23/1028","103/9436",0.223300970873786,2.04967700502437,3.74528456556249,0.000578565774305686,0.00879564219307531,0.0063276030725643,"2773/356/3586/7042/10000/355/2353/2775/6416/6348/414062/3553/8837/23236/5332/5291/5290/3576/5603/3459/2770/9630/2776",23
"Organismal Systems","Nervous system","hsa04725","Cholinergic synapse","25/1028","116/9436",0.21551724137931,1.97823024285523,3.7066645267238,0.00059852003088974,0.00879564219307531,0.0063276030725643,"2773/10000/1103/775/3709/2353/10681/115/5579/2775/596/1385/23236/5332/776/5291/5290/817/814/56479/2534/2770/3786/3717/2776",25
"Environmental Information Processing","Signal transduction","hsa04392","Hippo signaling pathway - multiple species","10/1028","29/9436",0.344827586206897,3.16516838856836,4.08306470936652,0.000647508508283091,0.0091190781583202,0.0065602835707629,"8642/7003/5058/10413/122786/9770/4771/102800317/79633/79981",10
"Human Diseases","Cancer: specific types","hsa05214","Glioma","18/1028","76/9436",0.236842105263158,2.17397091951669,3.59291852453542,0.00108279183022376,0.0146393455446252,0.0105315752750185,"1647/10000/4193/3479/5579/805/1869/5291/5290/1950/817/51426/814/5159/1871/1956/1021/53358",18
"Environmental Information Processing","Signal transduction","hsa04071","Sphingolipid signaling pathway","25/1028","122/9436",0.204918032786885,1.88094023091153,3.42435988224949,0.00129321967233837,0.0163351977733959,0.0117515748541091,"2773/10000/259230/8879/55012/123099/4363/5579/6093/596/9475/5581/23236/5332/5880/5523/5291/5337/5290/5603/2534/2770/4846/2776/1903",25
"Environmental Information Processing","Signal transduction","hsa04072","Phospholipase D signaling pathway","29/1028","149/9436",0.194630872483221,1.78651450656778,3.38363342699846,0.00130488266237186,0.0163351977733959,0.0117515748541091,"26052/10000/10411/552/4254/10161/283748/115/8527/23236/5332/5291/5337/5290/3576/1950/2549/56034/8611/2149/5159/2534/9265/1607/5898/1956/9162/53358/1902",29
"Organismal Systems","Nervous system","hsa04724","Glutamatergic synapse","24/1028","116/9436",0.206896551724138,1.89910103314102,3.40683180654613,0.00139474146213879,0.0168365219358182,0.0121122284869947,"2773/6506/22941/775/3709/283748/10681/115/2903/5579/2775/2744/23236/5332/85358/776/5337/2891/9456/2890/2898/2770/6505/2776",24
"Organismal Systems","Nervous system","hsa04720","Long-term potentiation","16/1028","67/9436",0.238805970149254,2.19199721238167,3.4236328097468,0.00183316264838328,0.0213658267294327,0.0153706196652101,"6195/775/3709/10411/1387/2903/5579/805/23236/5332/817/2891/814/2890/6196/2776",16
"Human Diseases","Drug resistance: antineoplastic","hsa01521","EGFR tyrosine kinase inhibitor resistance","18/1028","80/9436",0.225,2.06527237354086,3.34565927013668,0.00201851665476829,0.0224422545947722,0.0161450040840622,"10000/3479/5579/4763/596/598/5291/5290/1950/2549/56034/5159/2309/1956/3084/1978/3717/53358",18
"Environmental Information Processing","Signal transduction","hsa04020","Calcium signaling pathway","43/1028","254/9436",0.169291338582677,1.55392322068691,3.12909640406989,0.00210968855291902,0.0224422545947722,0.0161450040840622,"777/6262/51196/6786/219931/6588/775/3709/552/5027/2254/6263/115/2903/5579/5257/805/7852/2066/23236/5332/135/8911/776/4638/2250/1950/817/56034/2149/814/7416/2246/5159/5350/5137/1956/4846/3361/2260/444/9630/2776",43
"Environmental Information Processing","Signal transduction","hsa04068","FoxO signaling pathway","26/1028","133/9436",0.195488721804511,1.79438869547409,3.22603090371946,0.00212471049417961,0.0224422545947722,0.0161450040840622,"1647/356/3586/7042/10000/4193/3479/2308/1387/5347/6789/102800317/5291/5290/1950/10733/3575/6502/10769/9456/5603/2309/6446/1956/51422/114907",26
"Human Diseases","Endocrine and metabolic disease","hsa04933","AGE-RAGE signaling pathway in diabetic complications","21/1028","101/9436",0.207920792079208,1.90850252340409,3.20959933778855,0.00253616085826164,0.0259764354573465,0.0186875010608752,"7042/10000/51196/2308/5579/596/5581/3553/1281/2335/1286/23236/5332/5580/5291/5290/3576/5603/1278/4846/3717",21
"Human Diseases","Infectious disease: viral","hsa05165","Human papillomavirus infection","53/1028","333/9436",0.159159159159159,1.4609200640329,2.99417111935039,0.00279795704656674,0.0278149847570459,0.0200101572060965,"54626/23352/356/10000/56288/355/6934/81029/7450/4193/8638/122011/2308/55012/64398/7187/7057/22801/1387/535/3674/3690/3691/4854/3694/1385/2335/1286/1869/11317/7474/523/3693/256076/5523/5291/5584/5290/1739/3516/1950/324/5159/1956/8321/1021/1278/5649/1978/51606/5747/3439/1741",53
"Environmental Information Processing","Signal transduction","hsa04390","Hippo signaling pathway","29/1028","157/9436",0.184713375796178,1.69548192024585,3.07260152285481,0.00296999722190865,0.0284220322128998,0.0204468683935841,"7042/56288/29119/8945/6934/7003/10413/81029/122786/652/64398/4092/2736/659/4771/102800317/7474/5584/1739/658/324/2246/23291/653/79981/8321/6591/392255/1741",29
"Organismal Systems","Immune system","hsa04062","Chemokine signaling pathway","34/1028","193/9436",0.176165803108808,1.6170238503256,3.02827483484317,0.00307927872126737,0.0284220322128998,0.0204468683935841,"10451/2773/10000/56288/6387/2869/408/5058/10681/115/5579/6356/6348/414062/6093/9475/7852/23236/5332/5880/2829/5580/5291/5290/3576/5196/3702/2309/2770/5747/3717/2776/53358/7410",34
"Metabolism","Nucleotide metabolism","hsa00240","Pyrimidine metabolism","14/1028","58/9436",0.241379310344828,2.21561787199785,3.24696133532291,0.00311128754993281,0.0284220322128998,0.0204468683935841,"978/1503/1806/7371/22978/957/129607/6241/956/1633/1635/5167/50484/56474",14
"Environmental Information Processing","Signaling molecules and interaction","hsa04060","Cytokine-cytokine receptor interaction","48/1028","298/9436",0.161073825503356,1.47849476405609,2.93481616904156,0.00340801432828587,0.030313390604227,0.021807515507868,"3595/1435/356/8995/3586/7042/6387/355/55504/652/3603/3566/6356/6348/414062/8792/8740/3589/3554/8808/3553/27178/27177/26525/84639/3557/7852/92/90/659/5008/2829/768211/3576/5196/658/3600/5618/3575/2690/3578/653/3459/3624/3574/392255/3439/338376",48
"Organismal Systems","Nervous system","hsa04730","Long-term depression","14/1028","60/9436",0.233333333333333,2.14176394293126,3.10216081489554,0.00433012487015638,0.0375277488746886,0.0269975396762787,"2773/5592/3709/3479/283748/5579/2775/23236/5332/2895/2891/2890/2770/2776",14
"Organismal Systems","Sensory system","hsa04750","Inflammatory mediator regulation of TRP channels","20/1028","99/9436",0.202020202020202,1.85434107613096,2.98790209927085,0.00448543312699932,0.0379019099231443,0.0272667119036011,"3709/3479/283748/115/5579/7442/40/5608/5581/805/3554/3553/23236/5332/5580/5291/5290/817/5603/2776",20
"Organismal Systems","Endocrine system","hsa04911","Insulin secretion","18/1028","86/9436",0.209302325581395,1.92118360329382,3.00061846413138,0.00463132171331815,0.0381801643683301,0.0274668887234016,"6262/3778/775/27345/115/5579/1386/1385/23236/5332/6616/776/10242/817/3781/27445/9699/2776",18
"Organismal Systems","Circulatory system","hsa04270","Vascular smooth muscle contraction","25/1028","134/9436",0.186567164179104,1.71249782217318,2.90448361524014,0.00487115871376436,0.0392012296488655,0.0282014451849515,"4660/5592/3778/23365/775/3709/552/27345/283748/115/4629/5579/6093/9475/5581/805/23236/5332/135/5580/776/4638/10242/800/2776",25
"Human Diseases","Cardiovascular disease","hsa05418","Fluid shear stress and atherosclerosis","26/1028","142/9436",0.183098591549296,1.68065983449334,2.8575518540164,0.00535749706936698,0.0421124188243265,0.0302957606615367,"10000/652/2353/5607/6416/3674/3690/5608/596/9817/6382/805/3554/3553/92/90/659/5880/5291/5290/658/8878/5603/6885/4846/5747",26
"Organismal Systems","Immune system","hsa04660","T cell receptor signaling pathway","23/1028","122/9436",0.188524590163934,1.7304650124386,2.83943790533146,0.00592826714748758,0.0455398703602455,0.0327614763413788,"10451/3586/10000/1326/5058/55012/2353/10125/27040/9020/940/1493/5523/5291/5290/5062/1739/7006/3702/5603/6885/2534/7410",23
"Human Diseases","Immune disease","hsa05323","Rheumatoid arthritis","19/1028","95/9436",0.2,1.83579766536965,2.8627764001804,0.00618467945554813,0.0464538145772282,0.0334189696896285,"1435/7042/6387/4312/2353/6348/414062/535/8792/3589/3553/940/1493/523/941/3576/3600/51606/284",19
"Organismal Systems","Immune system","hsa04670","Leukocyte transendothelial migration","22/1028","116/9436",0.189655172413793,1.7408426137126,2.80716636619079,0.00653352875003682,0.048007232989401,0.0345365020882953,"10451/2773/6387/29119/83700/10411/5579/6093/81/9475/7852/5880/5291/5290/9076/3702/5603/4301/2770/5747/7410/100288814",22
"Environmental Information Processing","Signaling molecules and interaction","hsa04512","ECM-receptor interaction","18/1028","89/9436",0.202247191011236,1.85642460542998,2.83837110048984,0.00673136823120763,0.0484085630244294,0.0348252197404023,"960/7450/7057/22801/3674/3690/3691/6382/3694/2335/1286/961/3693/256076/80144/948/1278/5649",18
"Environmental Information Processing","Signal transduction","hsa04310","Wnt signaling pathway","30/1028","174/9436",0.172413793103448,1.58258419428418,2.71207747534162,0.00715750509244113,0.0504007650259396,0.0362584139551294,"4919/8945/6934/1488/55366/81029/4040/144165/122011/23002/1387/5579/9475/23236/5332/84133/5880/102800317/7474/8607/79718/27123/817/324/4163/23291/6885/8321/340419/7088",30
"Human Diseases","Cancer: specific types","hsa05212","Pancreatic cancer","16/1028","77/9436",0.207792207792208,1.9073222497347,2.79520302718179,0.00790136137575582,0.0537247874097813,0.0386497224903752,"1647/7042/10000/10928/598/1869/5880/5291/5337/5290/1950/51426/1871/5898/1956/1021",16
"Organismal Systems","Nervous system","hsa04728","Dopaminergic synapse","24/1028","132/9436",0.181818181818182,1.66890696851786,2.70606979145611,0.00794745375884338,0.0537247874097813,0.0386497224903752,"2773/10000/408/775/3709/55012/2353/10681/2903/5579/2775/805/1386/1385/23236/5332/776/5523/817/2891/2890/5603/2770/2776",24
"Human Diseases","Substance dependence","hsa05032","Morphine addiction","18/1028","91/9436",0.197802197802198,1.8156240646513,2.73364573861079,0.00851835359569177,0.0540906704133401,0.038912939475184,"5142/2773/2869/408/2567/10681/5151/115/5579/2775/5143/2555/2557/5144/8622/10846/5137/2770",18
"Environmental Information Processing","Signal transduction","hsa04064","NF-kappa B signaling pathway","20/1028","105/9436",0.19047619047619,1.74837872892348,2.696330646895,0.00880724464133435,0.0540906704133401,0.038912939475184,"1647/6387/23085/7187/5579/27040/9020/7706/8792/596/8740/3554/3553/8837/598/3576/6885/23643/23586/331",20
"Environmental Information Processing","Signal transduction","hsa04668","TNF signaling pathway","22/1028","119/9436",0.184873949579832,1.69695582513161,2.67523441866338,0.00885418402862997,0.0540906704133401,0.038912939475184,"1435/10000/1326/355/2353/9252/7187/6416/9020/5608/79651/3553/1386/8837/1385/83737/5291/5290/3600/5603/6885/331",22
"Organismal Systems","Endocrine system","hsa04921","Oxytocin signaling pathway","27/1028","155/9436",0.174193548387097,1.59892054725744,2.62880779313902,0.00906638131303444,0.0540906704133401,0.038912939475184,"2773/4660/6262/775/3709/2353/6263/283748/5607/115/5579/2775/6093/9475/805/23236/5332/776/4638/817/814/1956/2770/781/4846/51422/2776",27
"Human Diseases","Endocrine and metabolic disease","hsa04934","Cushing syndrome","27/1028","155/9436",0.174193548387097,1.59892054725744,2.62880779313902,0.00906638131303444,0.0540906704133401,0.038912939475184,"2773/5087/5929/2271/6934/81029/775/3709/5151/115/1386/1385/23236/5332/1869/8911/776/7474/817/8622/324/1871/1956/2770/8321/1021/2776",27
"Organismal Systems","Endocrine system","hsa04929","GnRH secretion","14/1028","65/9436",0.215384615384615,1.97701287039808,2.76366343293055,0.00911160553024986,0.0540906704133401,0.038912939475184,"10000/408/775/3709/5579/23236/5332/8911/776/5291/5290/348980/3781/2776",14
"Human Diseases","Cancer: specific types","hsa05224","Breast cancer","26/1028","148/9436",0.175675675675676,1.61252497633821,2.62612089133195,0.00925518120350679,0.0540906704133401,0.038912939475184,"1647/10000/6934/81029/4040/3479/2254/122011/2353/4854/1869/8202/7474/5291/5290/2250/1950/51426/324/2246/1871/1956/8321/1021/2260/53358",26
"Cellular Processes","Cellular community - eukaryotes","hsa04540","Gap junction","18/1028","92/9436",0.195652173913043,1.79588902047031,2.68226183601412,0.00954486353246168,0.0540906704133401,0.038912939475184,"2773/5592/3709/84790/7082/5607/115/5579/10746/23236/5332/1950/56034/5159/1956/2770/2776/1902",18
"Organismal Systems","Immune system","hsa04666","Fc gamma R-mediated phagocytosis","19/1028","99/9436",0.191919191919192,1.76162402232441,2.66364111329394,0.00969849930728777,0.0540906704133401,0.038912939475184,"10451/10000/1793/5058/10810/283748/5579/27040/5581/10096/5880/5580/5291/5337/5290/8611/50807/2934/7410",19
"Human Diseases","Cancer: overview","hsa05231","Choline metabolism in cancer","19/1028","99/9436",0.191919191919192,1.76162402232441,2.66364111329394,0.00969849930728777,0.0540906704133401,0.038912939475184,"10000/10810/2353/283748/5579/8527/5880/5291/5337/5290/5130/1950/56034/8611/5159/1607/1956/9162/1978",19
"Organismal Systems","Nervous system","hsa04722","Neurotrophin signaling pathway","22/1028","120/9436",0.183333333333333,1.68281452658885,2.63208429061213,0.00976192572548446,0.0540906704133401,0.038912939475184,"6195/356/10000/10818/10019/9252/5607/596/805/3656/5580/5291/5290/817/2549/814/5603/2309/6196/8767/53358/2889",22
"Genetic Information Processing","Folding, sorting and degradation","hsa04120","Ubiquitin mediated proteolysis","25/1028","142/9436",0.176056338028169,1.61601907162821,2.58617645854036,0.0102932400541968,0.0554733022640042,0.0399076076704608,"10277/64326/8945/4193/26259/8554/11060/7314/64750/23327/9817/10054/10055/57448/140739/83737/7324/10393/6502/7322/23291/5071/9690/11059/331",25
"Environmental Information Processing","Signal transduction","hsa04012","ErbB signaling pathway","17/1028","86/9436",0.197674418604651,1.81445118088861,2.65295348589533,0.0104564226777387,0.0554733022640042,0.0399076076704608,"10000/5058/5579/6416/2066/5291/5290/5062/2069/1950/817/2549/1956/3084/1978/5747/53358",17
"Organismal Systems","Endocrine system","hsa04912","GnRH signaling pathway","18/1028","93/9436",0.193548387096774,1.7765783858416,2.63150837647141,0.0106679427430777,0.0554733022640042,0.0399076076704608,"775/3709/283748/115/5579/6416/5608/805/10746/23236/5332/5580/776/5337/817/5603/1956/2776",18
"Human Diseases","Cancer: specific types","hsa05222","Small cell lung cancer","18/1028","93/9436",0.193548387096774,1.7765783858416,2.63150837647141,0.0106679427430777,0.0554733022640042,0.0399076076704608,"1647/10000/4149/7187/3674/596/2335/1286/598/1869/5291/5290/6502/51426/1871/1021/5747/331",18
"Metabolism","Carbohydrate metabolism","hsa00562","Inositol phosphate metabolism","15/1028","73/9436",0.205479452054795,1.88609349181813,2.65738588088749,0.0110122067591086,0.056395846736041,0.0405712880598738,"51196/5286/8898/3705/5289/3631/23236/5332/8897/55586/5291/23007/5290/9896/8871",15
"Organismal Systems","Endocrine system","hsa04916","Melanogenesis","19/1028","101/9436",0.188118811881188,1.72674037831799,2.56746170418298,0.0119755135088338,0.0604137845669525,0.0434618007940394,"2773/6934/81029/4254/1387/115/5579/2775/805/1385/23236/5332/7474/4286/817/2770/8321/7306/2776",19
"Human Diseases","Neurodegenerative disease","hsa05017","Spinocerebellar ataxia","25/1028","144/9436",0.173611111111111,1.59357436230004,2.50970651551159,0.0122261020847848,0.060770919186136,0.0437187241731467,"1600/115209/3752/10000/3709/60673/6311/6095/2903/5579/5718/5289/23369/23236/5332/11317/5291/5290/3516/2891/7416/2890/5649/9821/2776",25
"Organismal Systems","Endocrine system","hsa04926","Relaxin signaling pathway","23/1028","130/9436",0.176923076923077,1.623974857827,2.50483083492292,0.012737041943083,0.0623930460400299,0.0448856855660134,"2773/10000/408/4312/2353/10681/115/2775/6416/1386/1281/1385/1286/23236/5332/5291/5290/5603/1956/2770/1278/4846/53358",23
"Environmental Information Processing","Signal transduction","hsa04630","JAK-STAT signaling pathway","28/1028","168/9436",0.166666666666667,1.52983138780804,2.42281620172494,0.0142817253548127,0.0689603309989528,0.0496102038640863,"3595/3586/10000/6778/8554/1387/3566/5771/596/3589/316/598/5008/5291/5290/1950/3600/5618/3575/2690/3578/5159/3459/1956/3574/3717/3439/338376",28
"Human Diseases","Infectious disease: parasitic","hsa05146","Amoebiasis","19/1028","103/9436",0.184466019417476,1.69321143893317,2.47340285676498,0.0146575723231781,0.0695569909606742,0.0500394422669441,"731/3586/7042/5579/81/3554/3553/1281/2335/1286/23236/5332/5291/5290/3576/1278/5747/9630/2776",19
"Organismal Systems","Endocrine system","hsa04915","Estrogen signaling pathway","24/1028","139/9436",0.172661870503597,1.5848612938443,2.42890217288791,0.0148168738141081,0.0695569909606742,0.0500394422669441,"2773/10000/3709/3875/2353/115/2775/8688/596/805/1386/1385/23236/5332/8202/7031/5580/5291/5290/1956/2770/4846/2776/53358",24
"Human Diseases","Infectious disease: parasitic","hsa05143","African trypanosomiasis","9/1028","37/9436",0.243243243243243,2.23272689031444,2.62692736691293,0.015563612104929,0.0720616560474793,0.0518413034785666,"356/3586/355/3043/5579/3553/23236/5332/2776",9
"Cellular Processes","Cellular community - eukaryotes","hsa04530","Tight junction","28/1028","170/9436",0.164705882352941,1.51183337148089,2.35465925723837,0.016589376183032,0.0757730966197947,0.054511321454913,"56288/2017/154810/83700/84790/64398/7082/4629/6093/23327/23370/81/9475/5581/10096/4771/776/5584/9076/1739/9693/51735/4301/51422/8777/9414/100288814/1741",28
"Human Diseases","Cardiovascular disease","hsa05417","Lipid and atherosclerosis","34/1028","216/9436",0.157407407407407,1.44484075515204,2.31252875921765,0.0172414006202765,0.077701245462046,0.0558984356952122,"10451/356/10000/355/4312/4973/2353/7187/6416/6348/414062/5608/596/9475/805/3553/10010/23236/5332/598/5291/5290/3576/817/5603/6885/948/4846/23643/5747/3717/3439/19/7410",34
"Environmental Information Processing","Signal transduction","hsa04070","Phosphatidylinositol signaling system","18/1028","98/9436",0.183673469387755,1.68593663146192,2.38666386331515,0.0179480631420653,0.0798216492370798,0.0574238585293225,"51196/5286/8898/3709/3705/5579/5289/805/3631/8527/23236/5332/8897/5291/5290/8871/1607/9162",18
"Cellular Processes","Transport and catabolism","hsa04148","Efferocytosis","26/1028","157/9436",0.165605095541401,1.52008723884111,2.29771730301148,0.0191647636209476,0.0832260338300056,0.0598729798029626,"5087/3586/1793/10062/80824/196527/121601/51761/7057/23339/3690/682/51454/1385/343702/961/3693/817/5603/6446/948/286046/5747/3717/19/286410",26
"Human Diseases","Cancer: specific types","hsa05215","Prostate cancer","19/1028","106/9436",0.179245283018868,1.6452903604728,2.33608395406055,0.0195397924953743,0.0832260338300056,0.0598729798029626,"10000/6934/4193/3479/2308/1387/596/1385/1869/2078/5291/5290/2119/1950/56034/5159/1871/1956/2260",19
"Human Diseases","Infectious disease: bacterial","hsa05100","Bacterial invasion of epithelial cells","15/1028","78/9436",0.192307692307692,1.76519006285543,2.37271874016673,0.0198100757104686,0.0832260338300056,0.0598729798029626,"26052/29119/1793/2017/10801/10096/2335/63916/8218/5291/5290/2549/79658/5747/53358",15
"Human Diseases","Cancer: specific types","hsa05226","Gastric cancer","25/1028","150/9436",0.166666666666667,1.52983138780804,2.2871262094842,0.0198254818254201,0.0832260338300056,0.0598729798029626,"1647/7042/10000/29119/6934/81029/4040/2254/122011/596/1869/7474/5291/7012/5290/2250/1950/2549/51426/324/2246/1871/1956/8321/53358",25
"Metabolism","Global and overview maps","hsa01232","Nucleotide metabolism","16/1028","85/9436",0.188235294117647,1.72780956740673,2.3567816752321,0.019944700414883,0.0832260338300056,0.0598729798029626,"978/1503/205/7371/132/22978/957/129607/6241/956/1633/1635/5167/50484/9615/56474",16
"Metabolism","Glycan biosynthesis and metabolism","hsa00532","Glycosaminoglycan biosynthesis - chondroitin sulfate / dermatan sulfate","6/1028","21/9436",0.285714285714286,2.62256809338521,2.60269678075473,0.0212490301991985,0.087015238791607,0.062598941640801,"9469/51363/64132/337876/29940/55790",6
"Organismal Systems","Endocrine system","hsa04927","Cortisol synthesis and secretion","13/1028","65/9436",0.2,1.83579766536965,2.36420984318218,0.0213676473955721,0.087015238791607,0.062598941640801,"5087/775/3709/5151/115/1386/1385/23236/5332/8911/776/8622/2776",13
"Human Diseases","Infectious disease: bacterial","hsa05132","Salmonella infection","38/1028","251/9436",0.151394422310757,1.38964763514037,2.18771368373376,0.0220320029283034,0.0886525832115065,0.0637768505819308,"10000/6934/5286/5058/79659/838/84790/10810/2353/1778/23339/6416/5608/5289/596/5585/9475/388/1639/9648/3553/10096/1781/63916/79443/5291/5290/3576/5603/6885/51429/9265/5898/1780/5420/60412/23643/8767",38
"Cellular Processes","Cell motility","hsa04814","Motor proteins","31/1028","197/9436",0.157360406091371,1.44440933062079,2.20406783230158,0.0223073831807645,0.0887046531188046,0.0638143097802674,"23095/832/7135/55083/79659/84790/196385/1778/4644/4643/7168/374654/4629/55567/8735/8632/4645/1639/1781/4430/56171/55614/22989/1767/285643/63971/1769/8701/1780/23303/84376",31
"Human Diseases","Cancer: specific types","hsa05210","Colorectal cancer","16/1028","87/9436",0.183908045977011,1.68808980723646,2.25446412654492,0.0244560581066927,0.0961179958146761,0.0691474837533173,"1647/7042/10000/6934/2353/596/4436/5880/5291/5290/2069/1950/51426/324/5898/1956",16
"Human Diseases","Cancer: specific types","hsa05219","Bladder cancer","9/1028","41/9436",0.219512195121951,2.01489987662523,2.27713036172291,0.0295869427814332,0.114946973104878,0.0826930887176172,"4312/4193/9252/7057/1869/3576/1950/1871/1956",9
"Organismal Systems","Aging","hsa04211","Longevity regulating pathway","16/1028","90/9436",0.177777777777778,1.63182014699524,2.10582847871714,0.0326039929907043,0.125228973077932,0.0900899806322091,"10000/79602/60673/3479/2308/115/57521/1386/1385/5291/5290/814/2309/51422/1978/9821",16
"Organismal Systems","Digestive system","hsa04971","Gastric acid secretion","14/1028","76/9436",0.184210526315789,1.6908662707352,2.1143847610153,0.0334746400588388,0.127128408313343,0.0914564382447281,"2773/3758/3709/115/5579/805/23236/5332/3772/4638/6750/817/2770/2776",14
"Human Diseases","Cardiovascular disease","hsa05414","Dilated cardiomyopathy","18/1028","105/9436",0.171428571428571,1.57354085603113,2.06640799316632,0.0339544596397693,0.127517859536022,0.0917366102548153,"7042/6262/775/8082/3479/7168/22801/115/3674/3690/3691/1837/3694/776/3693/6444/5350/781",18
"Environmental Information Processing","Signal transduction","hsa04150","mTOR signaling pathway","25/1028","158/9436",0.158227848101266,1.45237157070384,2.00501590162477,0.0351988844230568,0.130738713571354,0.094053699268087,"6195/10000/79899/81029/4040/3479/5579/57521/51719/9681/7474/523/5291/5290/57600/6502/253260/153129/96459/6446/6196/2887/8321/1978/51606",25
"Organismal Systems","Development and regeneration","hsa04380","Osteoclast differentiation","23/1028","143/9436",0.160839160839161,1.47634077984273,2.00691496582323,0.0357504272378459,0.130750693898214,0.0940623179398546,"1435/7042/10000/3709/2353/9020/3690/5608/8792/3554/2274/3553/1385/4286/5291/5290/7006/814/8878/5603/6885/2534/3459",23
"Metabolism","Nucleotide metabolism","hsa00230","Purine metabolism","21/1028","128/9436",0.1640625,1.50592777237354,2.01505301081848,0.0359757826406327,0.130750693898214,0.0940623179398546,"205/5142/55811/132/22978/957/5151/115/5143/6241/471/956/1633/9061/5144/8622/5167/10846/5137/50484/9615",21
"Human Diseases","Cancer: specific types","hsa05217","Basal cell carcinoma","12/1028","63/9436",0.19047619047619,1.74837872892348,2.08388409219928,0.0372878356354925,0.133592936165895,0.0961070328692672,"1647/6934/81029/652/374654/2736/7474/64399/51426/324/2737/8321",12
"Human Diseases","Drug resistance: antineoplastic","hsa01522","Endocrine resistance","17/1028","99/9436",0.171717171717172,1.57618991471132,2.01511914134014,0.0380109031437747,0.133592936165895,0.0961070328692672,"10000/4193/3479/2353/115/9611/596/4854/1869/8202/5291/5290/1871/5603/1956/5747/53358",17
"Human Diseases","Cardiovascular disease","hsa05410","Hypertrophic cardiomyopathy","17/1028","99/9436",0.171717171717172,1.57618991471132,2.01511914134014,0.0380109031437747,0.133592936165895,0.0961070328692672,"7042/6262/775/8082/3479/7168/22801/3674/3690/3691/1837/3694/776/3693/6444/781/51422",17
"Cellular Processes","Cellular community - eukaryotes","hsa04550","Signaling pathways regulating pluripotency of stem cells","23/1028","144/9436",0.159722222222222,1.46608841331604,1.97068000573858,0.0383388012073722,0.133592936165895,0.0961070328692672,"7044/10000/81029/3479/652/463/4211/92/90/659/7474/5291/5290/658/3670/324/9421/3720/5603/3624/8321/2260/3717",23
"Metabolism","Glycan biosynthesis and metabolism","hsa00534","Glycosaminoglycan biosynthesis - heparan sulfate / heparin","6/1028","24/9436",0.25,2.29474708171206,2.22060217313087,0.0398004130226697,0.137270812261861,0.0987529044923383,"2132/26035/9955/64132/9348/3340",6
"Organismal Systems","Endocrine system","hsa04919","Thyroid hormone signaling pathway","20/1028","122/9436",0.163934426229508,1.50475218472922,1.9620549399544,0.0402714451786646,0.137492408791804,0.098912321491457,"10000/51196/4193/23389/2308/652/1734/1387/5579/9611/3690/4854/23236/5332/8202/7068/5291/5290/5350/9442",20
"Cellular Processes","Transport and catabolism","hsa04140","Autophagy - animal","26/1028","169/9436",0.153846153846154,1.41215205028435,1.89039427546161,0.0435385716557389,0.146363200105408,0.105293986995794,"10000/89849/7405/60673/440275/23339/7314/57521/5289/596/84971/57448/10010/8837/598/84557/8897/5580/5291/5290/23001/83734/8878/6885/8887/9821",26
"Human Diseases","Cardiovascular disease","hsa05412","Arrhythmogenic right ventricular cardiomyopathy","15/1028","86/9436",0.174418604651163,1.60098633607818,1.95762352942324,0.0437357491439238,0.146363200105408,0.105293986995794,"6262/29119/6934/775/8082/22801/3674/3690/3691/1837/3694/776/3693/6444/781",15
"Organismal Systems","Circulatory system","hsa04261","Adrenergic signaling in cardiomyocytes","24/1028","154/9436",0.155844155844156,1.43049168730103,1.88332601799203,0.0448424678450207,0.148595628741343,0.106900000745096,"2773/6262/10000/775/10411/55012/9252/7168/115/596/805/1386/1385/23236/5332/6331/776/5523/817/5603/5350/2770/781/2776",24
"Human Diseases","Cancer: specific types","hsa05225","Hepatocellular carcinoma","26/1028","170/9436",0.152941176470588,1.40384527351797,1.85786637754735,0.0462980314083071,0.151929462291338,0.109298367453438,"1647/7042/10000/6934/81029/4040/122011/8110/5579/9817/6597/598/1869/7474/5291/7012/5290/2549/51426/324/1871/57492/1956/8321/1021/53358",26
"Human Diseases","Endocrine and metabolic disease","hsa04931","Insulin resistance","18/1028","109/9436",0.165137614678899,1.51579623746118,1.89383260144844,0.0468678608139079,0.152320547645201,0.109579715060858,"6195/10000/5507/10062/32/2308/5579/5581/2673/1385/5770/5580/5291/5290/6196/948/4846/51422",18
"Metabolism","Glycan biosynthesis and metabolism","hsa00531","Glycosaminoglycan degradation","5/1028","19/9436",0.263157894736842,2.41552324390743,2.15952720007211,0.0482409128732357,0.154252047298779,0.110969239881713,"2588/3373/10855/23553/138050",5
"Human Diseases","Infectious disease: viral","hsa05161","Hepatitis B","25/1028","163/9436",0.153374233128834,1.40782029552887,1.83642698334201,0.0485565033649771,0.154252047298779,0.110969239881713,"356/7042/10000/1959/355/6778/2353/7187/1387/5579/6416/5608/596/1386/1385/1869/5291/5290/3576/1871/5603/6885/3717/3439/23586",25
"Organismal Systems","Excretory system","hsa04960","Aldosterone-regulated sodium reabsorption","8/1028","38/9436",0.210526315789474,1.93241859512595,2.01375282212434,0.048831269411152,0.154252047298779,0.110969239881713,"3758/3479/5579/23327/5291/5290/4306/6446",8
"Human Diseases","Cancer: specific types","hsa05223","Non-small cell lung cancer","13/1028","73/9436",0.178082191780822,1.63461435957572,1.90320237595323,0.050140378974124,0.156920815678277,0.112889157339402,"1647/10000/5579/1869/6789/5291/5290/1950/51426/1871/2309/1956/1021",13
"Human Diseases","Infectious disease: bacterial","hsa05130","Pathogenic Escherichia coli infection","30/1028","203/9436",0.147783251231527,1.35650073795787,1.79538748036528,0.0507238291923526,0.157290406119405,0.113155041462419,"356/355/2017/5058/23365/84790/10810/2353/7082/4644/4643/4629/6093/4645/9475/3554/3553/10096/4430/9076/5062/3576/2149/5603/6885/2534/9265/55971/1902/100288814",30
"Human Diseases","Cancer: specific types","hsa05213","Endometrial cancer","11/1028","59/9436",0.186440677966102,1.71133680670052,1.91641908349686,0.0514752844738362,0.158169510474151,0.113787470942164,"1647/10000/29119/6934/5291/5290/1950/51426/324/2309/1956",11
"Organismal Systems","Immune system","hsa04621","NOD-like receptor signaling pathway","28/1028","189/9436",0.148148148148148,1.35985012249604,1.74732337272057,0.0560794480155194,0.170617576492074,0.122742635221642,"5586/3428/140609/171389/838/3709/5027/7187/22861/596/5585/84168/3553/10010/23236/5332/598/84557/5580/3576/55914/7416/5603/6885/10135/8767/3439/331",28
"Organismal Systems","Digestive system","hsa04977","Vitamin digestion and absorption","6/1028","26/9436",0.230769230769231,2.11822807542652,1.99638092794322,0.056536001677847,0.170617576492074,0.122742635221642,"8029/4363/151056/686/5948/9963",6
"Organismal Systems","Digestive system","hsa04974","Protein digestion and absorption","17/1028","105/9436",0.161904761904762,1.48612191958495,1.75144666630199,0.0611671503177468,0.182960148738039,0.131621907064737,"255631/1301/1305/120103/23428/1803/1281/1290/1286/256076/84570/206358/1303/1278/7373/6505/85301",17
"Organismal Systems","Endocrine system","hsa04925","Aldosterone synthesis and secretion","16/1028","98/9436",0.163265306122449,1.49861033907726,1.7348764063158,0.0637650309025808,0.188635797576969,0.135704980505387,"775/3709/5587/115/5579/5581/805/1386/1385/23236/5332/8911/776/817/814/2776",16
"Metabolism","Carbohydrate metabolism","hsa00620","Pyruvate metabolism","9/1028","47/9436",0.191489361702128,1.75767861577945,1.82072957904618,0.0641808187022233,0.188635797576969,0.135704980505387,"223/2271/5091/10873/32/98/4190/84532/130",9
"Organismal Systems","Immune system","hsa04664","Fc epsilon RI signaling pathway","12/1028","69/9436",0.173913043478261,1.59634579597361,1.73837555094313,0.0677676820131883,0.194114207800488,0.1396461600807,"10451/10000/283748/27040/6416/5608/5880/5291/5290/5603/2534/7410",12
"Organismal Systems","Endocrine system","hsa04924","Renin secretion","12/1028","69/9436",0.173913043478261,1.59634579597361,1.73837555094313,0.0677676820131883,0.194114207800488,0.1396461600807,"2773/3778/775/3709/805/1385/23236/5332/776/5137/2770/2776",12
"Human Diseases","Substance dependence","hsa05031","Amphetamine addiction","12/1028","69/9436",0.173913043478261,1.59634579597361,1.73837555094313,0.0677676820131883,0.194114207800488,0.1396461600807,"775/2353/2903/5579/805/1386/1385/776/817/2891/814/2890",12
"Organismal Systems","Environmental adaptation","hsa04710","Circadian rhythm","7/1028","34/9436",0.205882352941176,1.88979171435111,1.81735115149517,0.070060371272734,0.198995004119194,0.143157414984534,"8945/6095/4862/1385/102800317/23291/51422",7
"Human Diseases","Cancer: specific types","hsa05220","Chronic myeloid leukemia","13/1028","77/9436",0.168831168831169,1.54969932790944,1.6934680328423,0.0715961677846316,0.201662539260046,0.145076445247806,"1647/7042/10000/1488/4193/598/1869/5291/5290/51426/1871/1021/53358",13
"Environmental Information Processing","Signal transduction","hsa04371","Apelin signaling pathway","21/1028","140/9436",0.15,1.37684824902724,1.57073752836702,0.0800796145087543,0.222895304277437,0.160351340043874,"2773/55811/6262/10000/3709/6263/10681/115/5289/4854/5581/805/23236/5332/84557/4638/814/2770/4846/51422/2776",21
"Human Diseases","Infectious disease: bacterial","hsa05120","Epithelial cell signaling in Helicobacter pylori infection","12/1028","71/9436",0.169014084507042,1.55137830876308,1.63059504595267,0.0807445388302736,0.222895304277437,0.160351340043874,"5058/83700/7082/6416/535/9020/523/3576/5603/1956/5803/51606",12
"Organismal Systems","Immune system","hsa04620","Toll-like receptor signaling pathway","17/1028","109/9436",0.155963302752294,1.43158533538,1.58463811692931,0.0811127882429725,0.222895304277437,0.160351340043874,"10000/1326/2353/7187/6416/6348/414062/5608/3553/941/5291/5290/3576/5603/6885/23643/3439",17
"Human Diseases","Infectious disease: viral","hsa05170","Human immunodeficiency virus 1 infection","30/1028","213/9436",0.140845070422535,1.29281525730257,1.51136220532214,0.0841262562873082,0.229311892137985,0.164967446539628,"2773/356/10000/355/8945/5058/3709/2353/2923/10681/5579/2775/5608/596/805/7852/598/5880/5291/5290/5062/995/23291/5603/6885/2770/5747/3439/2776/8905",30
"Organismal Systems","Nervous system","hsa04723","Retrograde endocannabinoid signaling","22/1028","149/9436",0.147651006711409,1.35528686705142,1.52846579368863,0.0853124769295137,0.229493482639102,0.165098083119379,"2773/4728/775/3709/2567/10681/115/5579/2775/4729/4705/23236/5332/776/2555/2557/2891/2890/5603/22999/2770/2776",22
"Cellular Processes","Cell growth and death","hsa04218","Cellular senescence","23/1028","157/9436",0.146496815286624,1.34469255743637,1.52283308316815,0.0855508248891328,0.229493482639102,0.165098083119379,"1647/7042/10000/8945/3709/4193/2308/5608/805/1869/776/5291/5290/3576/7416/23291/8878/1871/5603/2309/1021/28996/1978",23
"Human Diseases","Infectious disease: parasitic","hsa05144","Malaria","9/1028","50/9436",0.18,1.65221789883268,1.6168085542457,0.0883657233734666,0.235178066930958,0.169187584743231,"3586/7042/3043/7057/6382/3553/2995/3576/948",9
"Environmental Information Processing","Signal transduction","hsa04022","cGMP-PKG signaling pathway","24/1028","166/9436",0.144578313253012,1.32708264966481,1.48659559739182,0.0902944520933874,0.238433787559101,0.171529756855037,"2773/10000/5592/3778/775/3709/27345/115/6093/9475/5581/805/1386/1385/23236/5332/776/4638/10242/7416/5350/2770/4846/2776",24
"Organismal Systems","Immune system","hsa04610","Complement and coagulation cascades","14/1028","88/9436",0.159090909090909,1.46029359745313,1.51683407492644,0.0937427014993452,0.245620411680455,0.176699829019574,"731/3075/1380/4179/7450/5055/7035/5270/3053/5648/729/2149/2162/629",14
"Human Diseases","Endocrine and metabolic disease","hsa04936","Alcoholic liver disease","21/1028","144/9436",0.145833333333333,1.33860246433204,1.43165349596557,0.100544902128219,0.261273035052938,0.187960358446679,"223/356/10000/355/6934/79602/32/2308/7187/6416/9020/5608/3553/3576/130/5603/6885/2309/51422/23643/3439",21
"Metabolism","Global and overview maps","hsa01250","Biosynthesis of nucleotide sugars","7/1028","37/9436",0.189189189189189,1.73656535913345,1.56961263247382,0.101262626011642,0.261273035052938,0.187960358446679,"2585/7360/2673/5372/55586/7358/2762",7
"Human Diseases","Cancer: overview","hsa05202","Transcriptional misregulation in cancer","28/1028","201/9436",0.139303482587065,1.27866504055598,1.39631442730145,0.102603807284476,0.262727930773885,0.189007013418771,"1647/5087/2313/2120/4193/3479/2308/6495/4149/64919/9915/9611/84444/4211/598/2078/4286/2119/3576/4299/51426/8351/8355/8464/860/5218/862/5747",28
NA,NA,"hsa03273","Virion - Lassa virus and SFTS virus","4/1028","17/9436",0.235294117647059,2.15976195925841,1.67344745309638,0.105582941241772,0.268323564960293,0.193032524153932,"5101/4629/8828/5099",4
"Human Diseases","Cancer: overview","hsa05235","PD-L1 expression and PD-1 checkpoint pathway in cancer","14/1028","90/9436",0.155555555555556,1.42784262862084,1.42598047251847,0.107934956663543,0.272109083895103,0.195755834256521,"10000/2353/10538/10125/27040/5608/940/5291/5290/1950/5603/3459/1956/3717",14
NA,NA,"hsa04081","Hormone signaling","30/1028","219/9436",0.136986301369863,1.25739566121209,1.34756475509006,0.110095811621477,0.272109083895103,0.195755834256521,"2773/5592/2834/341208/79602/10411/552/3479/1734/10681/115/2775/3690/90/30061/23236/5332/4159/7068/5291/5290/6750/658/4883/5618/2690/2770/3717/9630/2776",30
"Environmental Information Processing","Membrane transport","hsa02010","ABC transporters","8/1028","45/9436",0.177777777777778,1.63182014699524,1.48547369250107,0.110508308950175,0.272109083895103,0.195755834256521,"24/5825/10257/21/4363/23461/10057/19",8
"Human Diseases","Drug resistance: antineoplastic","hsa01524","Platinum drug resistance","12/1028","75/9436",0.16,1.46863813229572,1.42471596412368,0.11109779164948,0.272109083895103,0.195755834256521,"356/10000/355/4193/596/4436/598/7155/5291/5290/7507/331",12
"Cellular Processes","Cell growth and death","hsa04115","p53 signaling pathway","12/1028","75/9436",0.16,1.46863813229572,1.42471596412368,0.11109779164948,0.272109083895103,0.195755834256521,"1647/64326/355/3732/4193/3479/7057/596/6241/598/1021/50484",12
"Environmental Information Processing","Signal transduction","hsa04370","VEGF signaling pathway","10/1028","60/9436",0.166666666666667,1.52983138780804,1.43954639655211,0.112537799620888,0.273653066704029,0.196866578662818,"9047/10000/283748/5579/5880/5291/5290/5603/4846/5747",10
"Human Diseases","Infectious disease: viral","hsa05169","Epstein-Barr virus infection","28/1028","204/9436",0.137254901960784,1.25986114290074,1.31198747211273,0.117298395054107,0.281454600288838,0.20247901795927,"864/1647/1380/10000/355/960/4193/7187/2923/6416/9020/5718/5608/596/1869/11317/956/5291/5290/3516/6502/51426/1871/5603/6885/1021/3439/23586",28
"Organismal Systems","Endocrine system","hsa04922","Glucagon signaling pathway","16/1028","107/9436",0.149532710280374,1.37255900214553,1.3551599622661,0.11770819998759,0.281454600288838,0.20247901795927,"10000/23235/3709/32/2308/55671/1387/5257/805/1386/1385/23236/5332/817/51422/2776",16
"Organismal Systems","Nervous system","hsa04726","Serotonergic synapse","17/1028","115/9436",0.147826086956522,1.35689392657757,1.34641202488914,0.118244240358032,0.281454600288838,0.20247901795927,"2773/775/3709/10411/121278/283748/10681/5579/2775/23236/5332/351/776/3781/2770/3361/2776",17
"Organismal Systems","Immune system","hsa04640","Hematopoietic cell lineage","15/1028","100/9436",0.15,1.37684824902724,1.32466858894168,0.124380901035305,0.293991220628904,0.211497888400115,"1435/914/1380/960/4254/290/3566/3674/3690/3589/3554/3553/3575/948/3574",15
"Organismal Systems","Aging","hsa04213","Longevity regulating pathway - multiple species","10/1028","62/9436",0.161290322580645,1.48048198820133,1.32718553653204,0.132359957137089,0.310678232724557,0.223502559200787,"10000/81570/3479/2308/115/57521/5291/5290/2309/51422",10
"Metabolism","Glycan biosynthesis and metabolism","hsa00514","Other types of O-glycan biosynthesis","8/1028","47/9436",0.170212765957447,1.56238099180396,1.35142220612552,0.133544756107799,0.311297431478869,0.223948012057362,"23127/374378/57452/2589/117248/6480/152002/55568",8
"Human Diseases","Cancer: specific types","hsa05211","Renal cell carcinoma","11/1028","70/9436",0.157142857142857,1.44241245136187,1.29903377438221,0.135505513386469,0.313704544689223,0.225679694248553,"7042/2271/10000/5058/9915/1387/5291/5290/5062/2549/2889",11
"Organismal Systems","Nervous system","hsa04721","Synaptic vesicle cycle","12/1028","79/9436",0.151898734177215,1.39427670787568,1.23046002963555,0.147244733613198,0.338562720824905,0.243562717254914,"26052/9152/6506/6857/535/6616/8218/523/10814/22999/51606/6505",12
"Metabolism","Lipid metabolism","hsa00564","Glycerophospholipid metabolism","15/1028","103/9436",0.145631067961165,1.33674587284198,1.20152114796747,0.148725726917103,0.339657403364734,0.244350234124116,"8443/1103/259230/57678/283748/54947/9489/151056/2820/8527/5337/5130/8611/1607/9162",15
"Human Diseases","Neurodegenerative disease","hsa05022","Pathways of neurodegeneration - multiple diseases","60/1028","483/9436",0.124223602484472,1.14024699712401,1.10637919996648,0.151297105512854,0.343210883646609,0.246906615142843,"1435/356/6262/355/4728/81029/775/4040/3709/84790/60673/517/6311/196385/122011/6263/2903/55567/5579/7314/5718/5608/8632/4729/5289/596/805/1639/3553/10010/56171/4705/23236/5332/598/84557/351/539/102800317/776/7474/55081/27123/817/2891/1767/324/9627/7416/2890/8878/5603/1769/9896/5071/8701/8321/2861/9821/2776",60
"Cellular Processes","Transport and catabolism","hsa04137","Mitophagy - animal","15/1028","105/9436",0.142857142857143,1.31128404669261,1.12152401257331,0.16629074129071,0.374708470375066,0.269566043776519,"54708/7314/64750/23770/598/1869/84557/23786/4286/9868/8878/2309/5071/8887/27342",15
"Organismal Systems","Nervous system","hsa04727","GABAergic synapse","13/1028","89/9436",0.146067415730337,1.34075110392165,1.12932075946796,0.167440402032447,0.374800370112364,0.269632156636425,"2773/775/2567/10681/115/5579/2775/2744/5334/776/2555/2557/2770",13
"Organismal Systems","Immune system","hsa04672","Intestinal immune network for IgA production","8/1028","50/9436",0.16,1.46863813229572,1.16172546398611,0.172233222235117,0.381019028810667,0.274105872486029,"3586/6387/57379/9020/7852/940/941/3600",8
"Environmental Information Processing","Signal transduction","hsa04152","AMPK signaling pathway","17/1028","122/9436",0.139344262295082,1.27903935701984,1.08467197457734,0.172473110674651,0.381019028810667,0.274105872486029,"10000/79602/3479/32/2308/55012/57521/1385/51719/5523/5291/5290/6885/2309/948/51422/1978",17
NA,NA,"hsa04082","Neuroactive ligand signaling","26/1028","199/9436",0.130653266331658,1.19926480652289,0.993374085725093,0.187903423332841,0.412411409652598,0.296689615788696,"2773/1103/9152/6506/6866/2567/10681/115/2903/5579/2775/23236/5332/4159/135/5028/2555/2557/2743/2891/2890/2898/2770/3361/6505/2776",26
"Organismal Systems","Endocrine system","hsa04918","Thyroid hormone synthesis","11/1028","75/9436",0.146666666666667,1.34625162127108,1.05264633505607,0.189359493361568,0.412925862943291,0.297059714543445,"8458/3709/115/5579/1386/1385/23236/5332/389434/5172/2776",11
"Organismal Systems","Excretory system","hsa04962","Vasopressin-regulated water reabsorption","7/1028","44/9436",0.159090909090909,1.46029359745313,1.07004831728056,0.197731095590077,0.4284173737785,0.30820433928008,"79659/1778/115/1639/1781/1385/1780",7
"Environmental Information Processing","Signaling molecules and interaction","hsa04514","Cell adhesion molecules","21/1028","160/9436",0.13125,1.20474221789883,0.913288907630442,0.212393376293388,0.457254529854556,0.328949848634078,"257194/914/79679/64115/923/23705/83700/4756/5797/10666/6382/940/1493/1002/214/941/22871/9076/4897/5789/100288814",21
"Human Diseases","Drug resistance: antineoplastic","hsa01523","Antifolate resistance","5/1028","30/9436",0.166666666666667,1.52983138780804,1.01628842927106,0.223318969714999,0.477732985846011,0.343682091966454,"10257/4363/3553/471/10057",5
"Organismal Systems","Endocrine system","hsa04914","Progesterone-mediated oocyte maturation","15/1028","111/9436",0.135135135135135,1.24040382795247,0.890839787976048,0.224867834793731,0.478020931825668,0.343889240896074,"6195/2773/10000/3479/115/5347/699/5291/5290/10393/995/6793/5603/6196/2770",15
"Metabolism","Carbohydrate metabolism","hsa00520","Amino sugar and nucleotide sugar metabolism","6/1028","38/9436",0.157894736842105,1.44931394634446,0.970387369150186,0.228340751753673,0.480355538236366,0.345568761546561,"1118/2585/7360/2673/5372/7358",6
"Human Diseases","Infectious disease: viral","hsa05167","Kaposi sarcoma-associated herpesvirus infection","25/1028","196/9436",0.127551020408163,1.17078932740411,0.844838965992244,0.228808407266435,0.480355538236366,0.345568761546561,"10000/355/6934/3709/2353/7187/10681/1387/6416/7314/5608/5289/805/1385/1869/84557/5291/5290/3576/1871/5603/3459/1021/3717/3439",25
"Human Diseases","Infectious disease: parasitic","hsa05145","Toxoplasmosis","15/1028","112/9436",0.133928571428571,1.22932879377432,0.853665290684637,0.235406086941835,0.491155909792223,0.3533385710433,"2773/3586/7042/10000/2775/5608/596/598/5603/6885/3459/2770/23643/3717/331",15
"Organismal Systems","Endocrine system","hsa04917","Prolactin signaling pathway","10/1028","71/9436",0.140845070422535,1.29281525730257,0.865944670562084,0.241369352736551,0.500508228373951,0.360066648254073,"10000/2353/8792/5291/5290/5618/5603/2309/3717/53358",10
NA,NA,"hsa04981","Folate transport and metabolism","5/1028","31/9436",0.161290322580645,1.48048198820133,0.936913975113526,0.244297241457903,0.503453308193268,0.362185344729508,"4548/10257/4363/10057/635",5
"Metabolism","Glycan biosynthesis and metabolism","hsa00510","N-Glycan biosynthesis","8/1028","55/9436",0.145454545454545,1.33512557481429,0.871536352767797,0.246066588239819,0.503453308193268,0.362185344729508,"29929/10905/3703/25834/29880/6480/79644/4124",8
"Human Diseases","Endocrine and metabolic disease","hsa04930","Type II diabetes mellitus","7/1028","47/9436",0.148936170212766,1.36708336782846,0.882114833204849,0.247258133609711,0.503453308193268,0.362185344729508,"777/775/5581/5580/776/5291/5290",7
"Organismal Systems","Immune system","hsa04625","C-type lectin receptor signaling pathway","14/1028","105/9436",0.133333333333333,1.22386511024643,0.806562685708972,0.250652027697629,0.507307696777238,0.364958199799259,"3586/10000/1959/5058/23365/3709/4193/9020/805/3553/5580/5291/5290/5603",14
"Human Diseases","Infectious disease: viral","hsa05168","Herpes simplex virus 1 infection","23/1028","182/9436",0.126373626373626,1.159982041305,0.762014680710923,0.254745134995869,0.51252295017026,0.36871006380981,"8891/356/10000/355/7187/440275/2923/3690/596/8740/3553/598/5291/5290/6732/6428/6885/3459/1978/3717/3439/23586/5199",23
"Human Diseases","Cancer: overview","hsa05207","Chemical carcinogenesis - receptor activation","27/1028","217/9436",0.124423963133641,1.14208610518388,0.740390311682817,0.258911272783121,0.517822545566242,0.372522603630651,"6195/2773/10000/408/775/10728/2254/2353/115/5579/3838/596/1386/1385/1869/776/5291/5290/2250/1950/6196/1956/2770/1576/1978/3717/331",27
"Cellular Processes","Transport and catabolism","hsa04136","Autophagy - other","5/1028","32/9436",0.15625,1.43421692607004,0.860293389011086,0.265763506786509,0.528400384081413,0.380132322400518,"60673/57521/5289/84971/83734",5
"Metabolism","Metabolism of other amino acids","hsa00450","Selenocompound metabolism","3/1028","17/9436",0.176470588235294,1.61982146944381,0.894354786458457,0.280601062365818,0.554638357190915,0.399007974185928,"4548/4141/9061",3
"Organismal Systems","Immune system","hsa04662","B cell receptor signaling pathway","12/1028","91/9436",0.131868131868132,1.21041604310087,0.705230441924177,0.285407328465336,0.554689002751418,0.399044408706252,"10451/1380/10000/2353/5579/25780/5880/5291/5290/55024/640/7410",12
"Metabolism","Amino acid metabolism","hsa00260","Glycine, serine and threonine metabolism","6/1028","41/9436",0.146341463414634,1.34326658441682,0.770187069230573,0.285549959996292,0.554689002751418,0.399044408706252,"1610/64902/635/5723/669/2731",6
"Human Diseases","Substance dependence","hsa05033","Nicotine addiction","6/1028","41/9436",0.146341463414634,1.34326658441682,0.770187069230573,0.285549959996292,0.554689002751418,0.399044408706252,"2567/2903/2555/2557/2891/2890",6
"Genetic Information Processing","Folding, sorting and degradation","hsa04130","SNARE interactions in vesicular transport","5/1028","33/9436",0.151515151515152,1.39075580709822,0.786231339220446,0.287627609565758,0.555532183047007,0.399650994344001,"8674/10228/6843/53407/8676",5
"Genetic Information Processing","Chromosome","hsa03083","Polycomb repressive complex","11/1028","83/9436",0.132530120481928,1.21649242885941,0.69267170896948,0.291555649231558,0.559919371819697,0.402807146964653,"22955/22992/4149/1387/3607/80012/7322/3720/26053/54881/54880",11
"Metabolism","Energy metabolism","hsa00920","Sulfur metabolism","2/1028","10/9436",0.2,1.83579766536965,0.924610016757523,0.298673350523985,0.570347980096649,0.410309509194413,"58472/9061",2
"Environmental Information Processing","Signal transduction","hsa04066","HIF-1 signaling pathway","14/1028","110/9436",0.127272727272727,1.1682348779625,0.620562935109984,0.30955707306393,0.584986696041773,0.420840631534256,"10000/3479/1387/5579/596/5291/5290/1950/817/3459/1956/4846/1978/284",14
"Metabolism","Carbohydrate metabolism","hsa00051","Fructose and mannose metabolism","5/1028","34/9436",0.147058823529412,1.34985122453651,0.71455208618916,0.309800646720347,0.584986696041773,0.420840631534256,"57103/6652/5372/2762/57016",5
"Organismal Systems","Immune system","hsa04658","Th1 and Th2 cell differentiation","12/1028","93/9436",0.129032258064516,1.18438559056106,0.624807791342573,0.31166114659736,0.585230375277264,0.421015934877135,"864/3595/6778/2353/3566/27040/4854/11317/3516/5603/3459/3717",12
"Metabolism","Lipid metabolism","hsa00565","Ether lipid metabolism","7/1028","51/9436",0.137254901960784,1.25986114290074,0.650624558029506,0.318212675518475,0.594231405111848,0.427491294241162,"283748/54947/151056/5337/133121/8611/5168",7
"Cellular Processes","Cell growth and death","hsa04210","Apoptosis","17/1028","137/9436",0.124087591240876,1.13899855150672,0.57302502967492,0.321658771173696,0.597366289322579,0.42974653638591,"1647/356/10000/355/1521/1075/3709/84790/8739/2353/9020/596/8837/598/5291/5290/331",17
"Cellular Processes","Transport and catabolism","hsa04144","Endocytosis","30/1028","252/9436",0.119047619047619,1.09273670557717,0.521743629089468,0.329974734449082,0.608259258981179,0.437582961148092,"832/2060/9829/26052/56288/2869/116985/408/4193/9815/64750/23327/58513/10617/10096/7852/116987/83737/8218/9922/10015/5584/5337/9765/6643/64411/9265/1956/11059/50807",30
"Organismal Systems","Endocrine system","hsa04910","Insulin signaling pathway","17/1028","138/9436",0.123188405797101,1.13074493881464,0.540991967052796,0.332747797478452,0.608259258981179,0.437582961148092,"10000/5507/10580/32/2308/5257/57521/805/5770/5291/5584/5290/5577/51422/1978/53358/2889",17
"Organismal Systems","Sensory system","hsa04742","Taste transduction","11/1028","86/9436",0.127906976744186,1.17405664645733,0.566963616479047,0.333411184466108,0.608259258981179,0.437582961148092,"775/10021/40/6328/6335/23236/5332/5028/2555/2557/5137",11
"Human Diseases","Infectious disease: bacterial","hsa05152","Tuberculosis","22/1028","182/9436",0.120879120879121,1.10954803950913,0.521791156483065,0.334779097781034,0.608259258981179,0.437582961148092,"4802/5993/3586/7042/10000/23365/1387/535/5289/596/1054/805/3553/1385/3656/817/5603/3459/51606/8767/3717/3439",22
"Organismal Systems","Digestive system","hsa04973","Carbohydrate digestion and absorption","7/1028","52/9436",0.134615384615385,1.2356330439988,0.595751334709196,0.336522134406747,0.608259258981179,0.437582961148092,"10000/5579/23236/5332/776/5291/5290",7
"Human Diseases","Infectious disease: viral","hsa05162","Measles","17/1028","139/9436",0.122302158273381,1.12261008313971,0.509194061037144,0.343927248211976,0.618337286678978,0.444833114988614,"356/4179/10000/355/2353/7187/440275/596/3553/940/598/5291/5290/6885/1021/3439/23586",17
"Metabolism","Carbohydrate metabolism","hsa00040","Pentose and glucuronate interconversions","5/1028","36/9436",0.138888888888889,1.27485948984003,0.577722414614357,0.3547292760187,0.628162972331167,0.451901733442851,"55277/6652/7360/7358/57016",5
"Metabolism","Glycan biosynthesis and metabolism","hsa00512","Mucin type O-glycan biosynthesis","5/1028","36/9436",0.138888888888889,1.27485948984003,0.577722414614357,0.3547292760187,0.628162972331167,0.451901733442851,"374378/57452/2589/117248/55568",5
"Organismal Systems","Excretory system","hsa04961","Endocrine and other factor-regulated calcium reabsorption","7/1028","53/9436",0.132075471698113,1.21231921297996,0.541972848992423,0.35496783347708,0.628162972331167,0.451901733442851,"26052/115/5579/23236/5332/8218/2776",7
"Environmental Information Processing","Signal transduction","hsa04330","Notch signaling pathway","8/1028","62/9436",0.129032258064516,1.18438559056106,0.509309183167598,0.362251277407685,0.637713186269778,0.458772176980127,"1488/83464/1387/4854/83737/11317/3516/7088",8
"Metabolism","Glycan biosynthesis and metabolism","hsa00601","Glycosphingolipid biosynthesis - lacto and neolacto series","4/1028","28/9436",0.142857142857143,1.31128404669261,0.576777596622677,0.364474142254494,0.638301865709943,0.459195674179374,"2527/10402/8706/2651",4
"Human Diseases","Infectious disease: viral","hsa05160","Hepatitis C","19/1028","159/9436",0.119496855345912,1.0968602403152,0.430686723396084,0.370107156572948,0.643135873993094,0.462673269674259,"356/10000/355/10062/7187/440275/8554/8837/1869/5291/5290/9076/1950/1871/1956/1021/3439/23586/100288814",19
"Human Diseases","Immune disease","hsa05320","Autoimmune thyroid disease","7/1028","54/9436",0.12962962962963,1.18986885718403,0.489242368586519,0.373504924295886,0.643135873993094,0.462673269674259,"356/3586/355/940/1493/941/3439",7
"Metabolism","Glycan biosynthesis and metabolism","hsa00541","Biosynthesis of various nucleotide sugars","3/1028","20/9436",0.15,1.37684824902724,0.589887825101861,0.374218970791549,0.643135873993094,0.462673269674259,"7360/7358/2762",3
"Human Diseases","Cancer: overview","hsa05206","MicroRNAs in cancer","37/1028","320/9436",0.115625,1.06132052529183,0.390211312267002,0.374845465019643,0.643135873993094,0.462673269674259,"7042/960/4193/693210/9252/23405/7057/7168/1387/4363/5579/3690/57521/6093/596/4854/5581/9839/2744/659/1869/1591/7078/27086/5291/5290/8626/1946/324/995/5159/1871/407032/1956/1021/23414/406956",37
"Metabolism","Amino acid metabolism","hsa00310","Lysine degradation","8/1028","63/9436",0.126984126984127,1.16558581928232,0.461078918146922,0.379452023120876,0.647751433408365,0.465993712604585,"223/23127/56950/64754/8424/84444/29072/54904",8
"Organismal Systems","Immune system","hsa04622","RIG-I-like receptor signaling pathway","9/1028","72/9436",0.125,1.14737354085603,0.438910754083853,0.384089344760159,0.651853867728645,0.468945012286879,"7187/7706/10010/3576/5603/6885/3439/338376/23586",9
"Human Diseases","Cardiovascular disease","hsa05415","Diabetic cardiomyopathy","24/1028","205/9436",0.117073170731707,1.07461326753345,0.377650246535865,0.385712347768429,0.651853867728645,0.468945012286879,"7042/6262/10000/4728/517/5579/4729/2673/1281/4705/23236/5332/539/5880/5580/5291/5290/817/7416/5603/5350/948/1278/4846",24
"Metabolism","Metabolism of cofactors and vitamins","hsa00760","Nicotinate and nicotinamide metabolism","5/1028","38/9436",0.131578947368421,1.20776162195372,0.44870464266311,0.39989324108253,0.672457290974602,0.483767157319007,"22978/316/349565/5167/10135",5
"Environmental Information Processing","Signaling molecules and interaction","hsa04061","Viral protein interaction with cytokine and cytokine receptor","12/1028","100/9436",0.12,1.10147859922179,0.356709930816716,0.407107531386795,0.68119973073632,0.490056486453098,"1435/3586/6387/6356/6348/414062/8740/27178/7852/2829/3576/5196",12
"Metabolism","Lipid metabolism","hsa00561","Glycerolipid metabolism","8/1028","65/9436",0.123076923076923,1.12972164022748,0.366941894440322,0.413952519215467,0.689241140368609,0.495841493071158,"223/57678/8527/8611/1607/57016/9162/4023",8
"Metabolism","Carbohydrate metabolism","hsa00020","Citrate cycle (TCA cycle)","4/1028","30/9436",0.133333333333333,1.22386511024643,0.429403630091029,0.41601586816593,0.689281193333747,0.495870307256604,"2271/5091/4190/8801",4
"Human Diseases","Immune disease","hsa05330","Allograft rejection","5/1028","39/9436",0.128205128205128,1.17679337523695,0.386834175307827,0.422375372733338,0.69640427309204,0.500994665475743,"356/3586/355/940/941",5
"Human Diseases","Immune disease","hsa05321","Inflammatory bowel disease","8/1028","66/9436",0.121212121212121,1.11260464567858,0.320981231357272,0.431185678226169,0.707479413788568,0.508962144457051,"3595/3586/7042/6778/6095/3566/3553/3459",8
"Human Diseases","Substance dependence","hsa05030","Cocaine addiction","6/1028","49/9436",0.122448979591837,1.12395775430795,0.30417918284124,0.44658948613172,0.729141703327804,0.524546040076994,"2773/2903/1386/1385/2891/2770",6
"Organismal Systems","Endocrine system","hsa03320","PPAR signaling pathway","9/1028","76/9436",0.118421052631579,1.08698545975835,0.266217556615162,0.448702586663264,0.729141703327804,0.524546040076994,"10580/10062/10873/4312/4973/33/23305/948/4023",9
"Cellular Processes","Cell growth and death","hsa04110","Cell cycle","18/1028","158/9436",0.113924050632911,1.04570753090676,0.20258639628807,0.45769840509008,0.730071463026616,0.525214911115379,"1647/8317/7042/9184/4193/1387/5347/699/1869/4174/23244/10393/6502/25836/995/1871/1021/5885",18
"Metabolism","Amino acid metabolism","hsa00220","Arginine biosynthesis","3/1028","23/9436",0.130434782608696,1.19725934698021,0.331175833343103,0.465216842704191,0.730071463026616,0.525214911115379,"84706/2744/4846",3
"Organismal Systems","Excretory system","hsa04964","Proximal tubule bicarbonate reclamation","3/1028","23/9436",0.130434782608696,1.19725934698021,0.331175833343103,0.465216842704191,0.730071463026616,0.525214911115379,"4190/2744/8671",3
"Organismal Systems","Endocrine system","hsa04923","Regulation of lipolysis in adipocytes","7/1028","59/9436",0.11864406779661,1.08903251335488,0.239863319369624,0.466082371548231,0.730071463026616,0.525214911115379,"2773/10000/5592/115/5291/5290/2770",7
"Metabolism","Carbohydrate metabolism","hsa00630","Glyoxylate and dicarboxylate metabolism","4/1028","32/9436",0.125,1.14737354085603,0.291984202599114,0.466554544419376,0.730071463026616,0.525214911115379,"4190/84532/64902/2731",4
"Metabolism","Carbohydrate metabolism","hsa00640","Propanoate metabolism","4/1028","32/9436",0.125,1.14737354085603,0.291984202599114,0.466554544419376,0.730071463026616,0.525214911115379,"32/84532/8801/594",4
"Cellular Processes","Cell growth and death","hsa04215","Apoptosis - multiple species","4/1028","32/9436",0.125,1.14737354085603,0.291984202599114,0.466554544419376,0.730071463026616,0.525214911115379,"596/57448/598/331",4
"Human Diseases","Immune disease","hsa05310","Asthma","4/1028","32/9436",0.125,1.14737354085603,0.291984202599114,0.466554544419376,0.730071463026616,0.525214911115379,"3586/5553/6356/3578",4
"Human Diseases","Cancer: overview","hsa05203","Viral carcinogenesis","23/1028","205/9436",0.11219512195122,1.02983771471956,0.151021670708313,0.473670336541459,0.736242224413813,0.529654169540924,"23352/1959/4193/7187/1387/55697/81/1386/1385/11317/5291/5922/5290/1739/3516/6502/8366/8344/8345/8346/1021/27044/2934",23
"Organismal Systems","Immune system","hsa04613","Neutrophil extracellular trap formation","22/1028","196/9436",0.112244897959184,1.03029460811562,0.149857522039307,0.474854452432577,0.736242224413813,0.529654169540924,"10000/7450/5579/3674/3690/23236/5332/5880/5291/5290/1182/7416/9555/8366/8344/8351/3013/8345/8355/8346/5603/6885",22
"Human Diseases","Infectious disease: bacterial","hsa05133","Pertussis","9/1028","78/9436",0.115384615384615,1.05911403771326,0.183302151841553,0.480724159407037,0.738779950942541,0.531479815221822,"2773/3586/2353/805/3553/3576/5603/2770/23643",9
"Human Diseases","Infectious disease: viral","hsa05166","Human T-cell leukemia virus 1 infection","25/1028","224/9436",0.111607142857143,1.0244406614786,0.129443771564251,0.4808626899626,0.738779950942541,0.531479815221822,"7042/10000/1959/9184/2353/83660/1387/115/55697/6416/9020/23373/3554/1386/1385/598/1869/5291/5290/1739/3600/10393/7416/1871/331",25
"Organismal Systems","Digestive system","hsa04979","Cholesterol metabolism","6/1028","51/9436",0.117647058823529,1.07988097962921,0.200001148636786,0.486347970691109,0.740475739160337,0.532699768751286,"27329/350/7416/948/4023/19",6
"Human Diseases","Infectious disease: bacterial","hsa05110","Vibrio cholerae infection","6/1028","51/9436",0.117647058823529,1.07988097962921,0.200001148636786,0.486347970691109,0.740475739160337,0.532699768751286,"7082/115/535/523/51606/9414",6
"Human Diseases","Infectious disease: parasitic","hsa05140","Leishmaniasis","9/1028","79/9436",0.113924050632911,1.04570753090676,0.14264421080597,0.496577748200116,0.750033654828005,0.539575752928276,"3586/7042/2353/5579/3553/5603/6885/3459/3717",9
"Metabolism","Metabolism of cofactors and vitamins","hsa00730","Thiamine metabolism","2/1028","15/9436",0.133333333333333,1.22386511024643,0.303392401081408,0.49783846709435,0.750033654828005,0.539575752928276,"205/27010",2
"Human Diseases","Cardiovascular disease","hsa05416","Viral myocarditis","8/1028","70/9436",0.114285714285714,1.04902723735409,0.143956249403833,0.499282758391424,0.750033654828005,0.539575752928276,"8672/8082/1837/940/5880/941/6444/2534",8
"Genetic Information Processing","Chromosome","hsa03082","ATP-dependent chromatin remodeling","13/1028","117/9436",0.111111111111111,1.01988759187203,0.0756853166032629,0.514077261679076,0.768253499259692,0.552683146462126,"51773/57634/8110/9112/54617/2186/6597/26122/8607/8467/9555/3013/57492",13
"Human Diseases","Cancer: overview","hsa05230","Central carbon metabolism in cancer","8/1028","71/9436",0.112676056338028,1.03425220584206,0.101294295171496,0.515957231751331,0.768253499259692,0.552683146462126,"10000/57103/2744/5291/5290/5159/1956/2260",8
"Human Diseases","Endocrine and metabolic disease","hsa04940","Type I diabetes mellitus","5/1028","44/9436",0.113636363636364,1.04306685532366,0.100117873297912,0.531248171125887,0.787552113335744,0.566566609095475,"356/355/3553/940/941",5
"Genetic Information Processing","Replication and repair","hsa03420","Nucleotide excision repair","7/1028","63/9436",0.111111111111111,1.01988759187203,0.055377624633834,0.537765007998518,0.793731758530563,0.571012258550483,"2074/4331/56655/7508/5431/404672/7507",7
"Human Diseases","Immune disease","hsa05332","Graft-versus-host disease","5/1028","45/9436",0.111111111111111,1.01988759187203,0.04675775958331,0.551950230686517,0.811126860748012,0.583526330840208,"356/355/3553/940/941",5
"Metabolism","Lipid metabolism","hsa00600","Sphingolipid metabolism","6/1028","55/9436",0.109090909090909,1.00134418111072,0.00349571262456999,0.562728912949075,0.823386894271807,0.592346224156921,"259230/8879/55331/123099/4759/8611",6
"Cellular Processes","Cell growth and death","hsa04217","Necroptosis","17/1028","159/9436",0.106918238993711,0.981401267650442,-0.0826988150027857,0.57126133827311,0.83226867386341,0.598735794651036,"356/355/6778/283748/596/3553/8837/81030/817/7416/9555/8878/3013/3459/3717/3439/331",17
"Organismal Systems","Environmental adaptation","hsa04714","Thermogenesis","25/1028","235/9436",0.106382978723404,0.976488119877473,-0.127621819671162,0.582557280549562,0.844290483768047,0.607384309406474,"23028/6195/65260/55811/5592/4728/517/10818/8110/115/57521/4729/6597/55818/1386/1385/4705/79133/539/23305/5603/57492/6196/51422/2260",25
"Metabolism","Amino acid metabolism","hsa00250","Alanine, aspartate and glutamate metabolism","4/1028","37/9436",0.108108108108108,0.992323062361973,-0.0163594691848357,0.584508796454802,0.844290483768047,0.607384309406474,"84706/2673/2744/64902",4
"Organismal Systems","Immune system","hsa04657","IL-17 signaling pathway","10/1028","95/9436",0.105263157894737,0.966209297562973,-0.115740004417761,0.595240270438224,0.846942117663874,0.609291900281391,"4312/2353/7187/5597/6356/5596/3553/3576/5603/6885",10
"Cellular Processes","Transport and catabolism","hsa04142","Lysosome","14/1028","133/9436",0.105263157894737,0.966209297562973,-0.137224825757595,0.596301489568323,0.846942117663874,0.609291900281391,"1521/1075/11154/2588/535/22901/6556/8218/3373/8546/23553/138050/51606/8905",14
"Metabolism","Lipid metabolism","hsa00061","Fatty acid biosynthesis","2/1028","18/9436",0.111111111111111,1.01988759187203,0.0295297837425847,0.598873272549307,0.846942117663874,0.609291900281391,"32/23305",2
"Metabolism","Glycan biosynthesis and metabolism","hsa00511","Other glycan degradation","2/1028","18/9436",0.111111111111111,1.01988759187203,0.0295297837425847,0.598873272549307,0.846942117663874,0.609291900281391,"4759/23324",2
"Organismal Systems","Digestive system","hsa04980","Cobalamin transport and metabolism","2/1028","18/9436",0.111111111111111,1.01988759187203,0.0295297837425847,0.598873272549307,0.846942117663874,0.609291900281391,"4548/7702",2
"Metabolism","Metabolism of cofactors and vitamins","hsa00790","Folate biosynthesis","3/1028","28/9436",0.107142857142857,0.983463035019455,-0.0306413098205798,0.601728354896389,0.847434099812414,0.609645833250289,"121278/5860/57016",3
"Organismal Systems","Immune system","hsa04650","Natural killer cell mediated cytotoxicity","14/1028","134/9436",0.104477611940299,0.958998780416981,-0.16714067998203,0.60791778208071,0.848145695401777,0.610157756579915,"10451/356/355/5058/5579/27040/5880/5291/5290/2534/3459/3439/53358/7410",14
"Metabolism","Amino acid metabolism","hsa00280","Valine, leucine and isoleucine degradation","5/1028","48/9436",0.104166666666667,0.956144617380026,-0.106506997223942,0.611199700588172,0.848145695401777,0.610157756579915,"223/316/64902/54511/594",5
NA,NA,"hsa03272","Virion - Hepatitis viruses","5/1028","48/9436",0.104166666666667,0.956144617380026,-0.106506997223942,0.611199700588172,0.848145695401777,0.610157756579915,"1803/10015/9076/1956/100288814",5
"Human Diseases","Immune disease","hsa05322","Systemic lupus erythematosus","15/1028","144/9436",0.104166666666667,0.956144617380026,-0.185426033353453,0.613651598250823,0.848145695401777,0.610157756579915,"731/3586/2903/81/940/941/729/9555/8366/8344/8351/3013/8345/8355/8346",15
"Organismal Systems","Digestive system","hsa04972","Pancreatic secretion","11/1028","106/9436",0.10377358490566,0.952536524484252,-0.171827552909738,0.614780163826732,0.848145695401777,0.610157756579915,"6262/3778/219931/3709/115/5579/5874/23236/5332/8671/2776",11
"Human Diseases","Infectious disease: viral","hsa05164","Influenza A","18/1028","173/9436",0.104046242774566,0.955039247880165,-0.208690147142187,0.619318624697407,0.850933720112698,0.612163467287553,"356/10000/355/7187/1387/5579/7706/3838/3553/5291/5290/3576/7416/3459/1021/3717/3439/23586",18
"Organismal Systems","Digestive system","hsa04970","Salivary secretion","10/1028","97/9436",0.103092783505155,0.946287456376108,-0.185922759619603,0.622363605028356,0.851655459512487,0.612682688095249,"5592/3778/3709/6263/115/5579/805/23236/5332/2776",10
"Metabolism","Metabolism of cofactors and vitamins","hsa00670","One carbon pool by folate","4/1028","39/9436",0.102564102564103,0.941434700189564,-0.128144278163485,0.627240033651603,0.854867465218717,0.614993411602379,"4548/471/635/2731",4
"Metabolism","Global and overview maps","hsa01200","Carbon metabolism","12/1028","117/9436",0.102564102564103,0.941434700189564,-0.222879335348406,0.632479468736639,0.858546427441703,0.61764006458746,"5226/2271/5091/10873/2098/84706/4190/84532/8801/64902/5723/2731",12
"Metabolism","Carbohydrate metabolism","hsa00500","Starch and sucrose metabolism","4/1028","40/9436",0.1,0.917898832684825,-0.181940331490084,0.647522296381655,0.867946335870386,0.62440237803195,"7360/2992/5167/8908",4
"Metabolism","Carbohydrate metabolism","hsa00053","Ascorbate and aldarate metabolism","3/1028","30/9436",0.1,0.917898832684825,-0.157481169089004,0.649466332890874,0.867946335870386,0.62440237803195,"223/55586/7358",3
"Metabolism","Lipid metabolism","hsa00591","Linoleic acid metabolism","3/1028","30/9436",0.1,0.917898832684825,-0.157481169089004,0.649466332890874,0.867946335870386,0.62440237803195,"283748/151056/1576",3
"Human Diseases","Endocrine and metabolic disease","hsa04932","Non-alcoholic fatty liver disease","16/1028","157/9436",0.101910828025478,0.935438300825299,-0.285230096466281,0.650508712904982,0.867946335870386,0.62440237803195,"356/10000/355/10062/4728/79602/2353/4729/3553/4705/83737/5291/5290/3576/5603/51422",16
"Organismal Systems","Endocrine system","hsa04920","Adipocytokine signaling pathway","7/1028","70/9436",0.1,0.917898832684825,-0.241069592255625,0.652243696186621,0.867946335870386,0.62440237803195,"10000/79602/32/23305/948/51422/3717",7
"Metabolism","Metabolism of cofactors and vitamins","hsa00785","Lipoic acid metabolism","2/1028","20/9436",0.1,0.917898832684825,-0.128514539077432,0.657273217820545,0.871209206366056,0.626749693773151,"594/2731",2
"Cellular Processes","Cell growth and death","hsa04114","Oocyte meiosis","14/1028","139/9436",0.100719424460432,0.924502421409176,-0.313537986898899,0.663550423682029,0.876093918767679,0.630263765915085,"6195/8945/3709/3479/115/5347/805/699/817/10393/995/23291/5603/6196",14
"Human Diseases","Cancer: overview","hsa05208","Chemical carcinogenesis - reactive oxygen species","23/1028","227/9436",0.101321585903084,0.930029654262157,-0.373114279279861,0.677212978758104,0.888177785086472,0.63895692418242,"10000/5795/4728/517/5587/2353/6416/9020/4729/9817/4705/5770/539/5580/5291/5337/5290/1950/7416/5603/2309/1956/5747",23
"Metabolism","Metabolism of cofactors and vitamins","hsa00770","Pantothenate and CoA biosynthesis","2/1028","21/9436",0.0952380952380952,0.874189364461738,-0.201807823927425,0.683821815197611,0.888177785086472,0.63895692418242,"1806/5167",2
"Human Diseases","Neurodegenerative disease","hsa05014","Amyotrophic lateral sclerosis","38/1028","371/9436",0.102425876010782,0.940165920270171,-0.411123994638689,0.684564408838881,0.888177785086472,0.63895692418242,"6506/4728/84790/60673/517/6311/196385/2903/55567/5718/5608/8632/4729/5289/596/1639/10010/56171/2066/4705/598/84557/539/2891/1767/7416/2890/8878/94026/5603/6428/1769/9896/5071/8701/3084/9821/23064",38
"Metabolism","Amino acid metabolism","hsa00380","Tryptophan metabolism","4/1028","42/9436",0.0952380952380952,0.874189364461738,-0.285718184287775,0.685841425762039,0.888177785086472,0.63895692418242,"223/121278/23498/316",4
"Cellular Processes","Cell growth and death","hsa04216","Ferroptosis","4/1028","42/9436",0.0952380952380952,0.874189364461738,-0.285718184287775,0.685841425762039,0.888177785086472,0.63895692418242,"30061/84557/23657/23305",4
"Metabolism","Lipid metabolism","hsa00140","Steroid hormone biosynthesis","6/1028","63/9436",0.0952380952380952,0.874189364461738,-0.350323668879254,0.696648695777664,0.897757788955894,0.645848798657152,"51144/3294/79644/6715/1576/412",6
"Human Diseases","Substance dependence","hsa05034","Alcoholism","19/1028","191/9436",0.0994764397905759,0.913093079634119,-0.424266503094633,0.698583951586085,0.897757788955894,0.645848798657152,"2773/10681/2903/2775/805/1386/1385/135/814/9555/8366/8344/8351/3013/8345/8355/8346/2770/53358",19
"Metabolism","Lipid metabolism","hsa00071","Fatty acid degradation","4/1028","43/9436",0.0930232558139535,0.853859379241698,-0.335833621269365,0.703863355246485,0.897757788955894,0.645848798657152,"223/33/130/23305",4
"Metabolism","Glycan biosynthesis and metabolism","hsa00513","Various types of N-glycan biosynthesis","4/1028","43/9436",0.0930232558139535,0.853859379241698,-0.335833621269365,0.703863355246485,0.897757788955894,0.645848798657152,"10905/3703/25834/4124",4
"Metabolism","Amino acid metabolism","hsa00340","Histidine metabolism","2/1028","22/9436",0.0909090909090909,0.834453484258932,-0.271810009713512,0.708660051264102,0.900477809501002,0.647805587028127,"223/3176",2
"Metabolism","Global and overview maps","hsa01210","2-Oxocarboxylic acid metabolism","3/1028","33/9436",0.0909090909090909,0.834453484258932,-0.333092577026405,0.713155287777124,0.902795832466921,0.649473177514353,"84706/64902/594",3
"Genetic Information Processing","Transcription","hsa03022","Basal transcription factors","4/1028","44/9436",0.0909090909090909,0.834453484258932,-0.38484734869341,0.721124873658544,0.90947838543503,0.65428061985516,"4331/6875/404672/138474",4
"Human Diseases","Neurodegenerative disease","hsa05016","Huntington disease","31/1028","311/9436",0.0996784565916399,0.914947389492912,-0.533301203687161,0.72970919778123,0.912780996812352,0.656656525268307,"6506/4728/84790/60673/517/196385/1387/55567/5718/8632/4729/6875/5289/1639/56171/1385/4705/23236/5332/539/8218/55081/5431/2891/1767/7416/2890/1769/8701/9821/2776",31
"Genetic Information Processing","Replication and repair","hsa03430","Mismatch repair","2/1028","23/9436",0.0869565217391304,0.798172897986804,-0.338844570478835,0.731845118745998,0.912780996812352,0.656656525268307,"9156/4436",2
"Organismal Systems","Endocrine system","hsa04614","Renin-angiotensin system","2/1028","23/9436",0.0869565217391304,0.798172897986804,-0.338844570478835,0.731845118745998,0.912780996812352,0.656656525268307,"290/4142",2
"Genetic Information Processing","Information processing in viruses","hsa03265","Virion - Ebolavirus, Lyssavirus and Morbillivirus","1/1028","12/9436",0.0833333333333333,0.764915693904021,-0.284916617342209,0.749685775275669,0.931594823688148,0.670191230993342,"4179",1
"Genetic Information Processing","Folding, sorting and degradation","hsa03018","RNA degradation","7/1028","78/9436",0.0897435897435897,0.823755362665868,-0.546503377600174,0.760010697655151,0.933175213627769,0.671328166764294,"64282/27258/23016/54464/5393/11044/84186",7
"Cellular Processes","Transport and catabolism","hsa04145","Phagosome","15/1028","159/9436",0.0943396226415094,0.865942294985684,-0.596084353401656,0.76079887596349,0.933175213627769,0.671328166764294,"79659/4973/84790/1778/7057/535/3690/5289/1781/523/3693/53407/948/1780/51606",15
"Organismal Systems","Immune system","hsa04659","Th17 cell differentiation","10/1028","109/9436",0.091743119266055,0.842109020811766,-0.579723274704577,0.762955381906507,0.933175213627769,0.671328166764294,"6778/2353/6095/3566/27040/3554/3553/5603/3459/3717",10
"Human Diseases","Cancer: specific types","hsa05221","Acute myeloid leukemia","6/1028","68/9436",0.0882352941176471,0.809910734721904,-0.550059621271822,0.764951036385149,0.933175213627769,0.671328166764294,"10000/6934/5291/5290/1978/862",6
"Metabolism","Amino acid metabolism","hsa00350","Tyrosine metabolism","3/1028","36/9436",0.0833333333333333,0.764915693904021,-0.494119642857344,0.767522808841775,0.933175213627769,0.671328166764294,"316/130/7306",3
"Genetic Information Processing","Replication and repair","hsa03030","DNA replication","3/1028","36/9436",0.0833333333333333,0.764915693904021,-0.494119642857344,0.767522808841775,0.933175213627769,0.671328166764294,"56655/4174/5558",3
"Genetic Information Processing","Folding, sorting and degradation","hsa04141","Protein processing in endoplasmic reticulum","16/1028","171/9436",0.0935672514619883,0.858852708944865,-0.651281960234442,0.777188966085077,0.941540754612028,0.677346354143191,"10277/10905/64215/258010/3703/10970/2923/596/23190/80343/6238/91445/9695/7466/7322/5071",16
"Human Diseases","Cancer: specific types","hsa05216","Thyroid cancer","3/1028","37/9436",0.0810810810810811,0.74424229677148,-0.545016836404389,0.78367110405239,0.946002975606099,0.680556485098128,"1647/6934/51426",3
"Metabolism","Lipid metabolism","hsa00592","alpha-Linolenic acid metabolism","2/1028","26/9436",0.0769230769230769,0.706076025142173,-0.52474466574953,0.792156995827745,0.951126202221493,0.684242144855699,"283748/151056",2
"Metabolism","Xenobiotics biodegradation and metabolism","hsa00983","Drug metabolism - other enzymes","7/1028","81/9436",0.0864197530864197,0.793245904789355,-0.653425218918185,0.79354316280018,0.951126202221493,0.684242144855699,"978/1806/7371/6241/1576/9/50484",7
"Human Diseases","Immune disease","hsa05340","Primary immunodeficiency","3/1028","38/9436",0.0789473684210526,0.72465697317223,-0.594660810311042,0.798880489523387,0.951418667293756,0.684452544829828,"5993/57379/3575",3
"Human Diseases","Neurodegenerative disease","hsa05010","Alzheimer disease","38/1028","391/9436",0.0971867007672634,0.892075591867605,-0.762122751614927,0.799416868377002,0.951418667293756,0.684452544829828,"1435/10000/355/4728/81029/775/4040/3709/84790/60673/517/122011/6263/83464/2903/5718/4729/5289/805/57142/3553/4705/23236/5332/351/539/102800317/776/7474/5291/5290/27123/324/7416/8321/4023/9821/2776",38
"Metabolism","Amino acid metabolism","hsa00330","Arginine and proline metabolism","4/1028","50/9436",0.08,0.73431906614786,-0.658606897052239,0.809162854418861,0.956593057300854,0.688175011636553,"223/1610/58510/4846",4
"Metabolism","Lipid metabolism","hsa01040","Biosynthesis of unsaturated fatty acids","2/1028","27/9436",0.0740740740740741,0.679925061248018,-0.58234852115761,0.809424894639184,0.956593057300854,0.688175011636553,"83401/51144",2
"Organismal Systems","Immune system","hsa04623","Cytosolic DNA-sensing pathway","7/1028","83/9436",0.0843373493975904,0.774131545637804,-0.722670483719132,0.813853643906499,0.958475720001382,0.689529403053003,"3428/51082/3553/81030/1687/3439/23586",7
"Metabolism","Lipid metabolism","hsa00062","Fatty acid elongation","2/1028","28/9436",0.0714285714285714,0.655642023346304,-0.638060216263836,0.825401551542476,0.964157926639351,0.693617194187761,"83401/51144",2
"Organismal Systems","Excretory system","hsa04966","Collecting duct acid secretion","2/1028","28/9436",0.0714285714285714,0.655642023346304,-0.638060216263836,0.825401551542476,0.964157926639351,0.693617194187761,"535/523",2
"Metabolism","Lipid metabolism","hsa00590","Arachidonic acid metabolism","5/1028","63/9436",0.0793650793650794,0.728491137051448,-0.756024962392343,0.830821784729394,0.964157926639351,0.693617194187761,"10728/283748/151056/22949/9536",5
"Metabolism","Amino acid metabolism","hsa00270","Cysteine and methionine metabolism","4/1028","52/9436",0.0769230769230769,0.706076025142173,-0.743128371780794,0.832941167392576,0.964157926639351,0.693617194187761,"4548/4190/64902/635",4
"Organismal Systems","Endocrine system","hsa04913","Ovarian steroidogenesis","4/1028","52/9436",0.0769230769230769,0.706076025142173,-0.743128371780794,0.832941167392576,0.964157926639351,0.693617194187761,"3479/283748/115/3294",4
"Genetic Information Processing","Information processing in viruses","hsa03250","Viral life cycle - HIV-1","5/1028","64/9436",0.078125,0.717108463035019,-0.793989867688713,0.840951360781297,0.968371618344248,0.696648532661231,"4130/5045/1387/7852/10015",5
"Metabolism","Glycan biosynthesis and metabolism","hsa00603","Glycosphingolipid biosynthesis - globo and isoglobo series","1/1028","16/9436",0.0625,0.573686770428016,-0.596739118073309,0.842311407672216,0.968371618344248,0.696648532661231,"8706",1
"Metabolism","Glycan biosynthesis and metabolism","hsa00563","Glycosylphosphatidylinositol (GPI)-anchor biosynthesis","2/1028","30/9436",0.0666666666666667,0.611932555123217,-0.744365968269038,0.853784246932201,0.976074273883162,0.702189838888229,"23556/80055",2
"Genetic Information Processing","Translation","hsa00970","Aminoacyl-tRNA biosynthesis","5/1028","66/9436",0.0757575757575758,0.69537790354911,-0.868329854671741,0.85971380585144,0.976074273883162,0.702189838888229,"10352/4141/7453/1615/57038",5
"Organismal Systems","Digestive system","hsa04975","Fat digestion and absorption","3/1028","43/9436",0.0697674418604651,0.640394534431273,-0.826379449488827,0.862046225924024,0.976074273883162,0.702189838888229,"8611/948/19",3
"Metabolism","Carbohydrate metabolism","hsa00030","Pentose phosphate pathway","2/1028","31/9436",0.0645161290322581,0.592192795280532,-0.7952020650846,0.866338112914049,0.976074273883162,0.702189838888229,"5226/51071",2
"Metabolism","Metabolism of other amino acids","hsa00410","beta-Alanine metabolism","2/1028","31/9436",0.0645161290322581,0.592192795280532,-0.7952020650846,0.866338112914049,0.976074273883162,0.702189838888229,"1806/223",2
"Genetic Information Processing","Folding, sorting and degradation","hsa03060","Protein export","2/1028","31/9436",0.0645161290322581,0.592192795280532,-0.7952020650846,0.866338112914049,0.976074273883162,0.702189838888229,"90701/83943",2
"Human Diseases","Neurodegenerative disease","hsa05020","Prion disease","25/1028","278/9436",0.0899280575539568,0.825448590543907,-1.03291978556637,0.872639663298789,0.979302323336929,0.704512104300313,"731/6262/4728/775/3709/84790/517/6263/2903/5718/4729/3553/1386/1385/4705/539/5880/5580/776/5291/5290/729/7416/5603/2534",25
"Human Diseases","Infectious disease: viral","hsa05171","Coronavirus disease - COVID-19","21/1028","238/9436",0.0882352941176471,0.809910734721904,-1.0385335380518,0.875753976486941,0.979302323336929,0.704512104300313,"731/4312/7450/6235/2353/7187/5579/3553/5291/5290/5648/3576/729/2162/629/5603/6885/4142/1956/3439/23586",21
"Metabolism","Carbohydrate metabolism","hsa00052","Galactose metabolism","2/1028","32/9436",0.0625,0.573686770428016,-0.84463417022483,0.877895278020975,0.979302323336929,0.704512104300313,"7360/57016",2
"Metabolism","Global and overview maps","hsa01212","Fatty acid metabolism","4/1028","57/9436",0.0701754385964912,0.644139531708649,-0.942236804038058,0.881743983175286,0.980360086556733,0.705273061334803,"83401/51144/33/23305",4
"Metabolism","Metabolism of other amino acids","hsa00480","Glutathione metabolism","4/1028","59/9436",0.0677966101694915,0.622304293345644,-1.0175535037258,0.897492680737615,0.989122391643203,0.711576681624353,"5226/290/6241/50484",4
"Genetic Information Processing","Transcription","hsa03020","RNA polymerase","2/1028","34/9436",0.0588235294117647,0.539940489814603,-0.939646511769848,0.898288240233492,0.989122391643203,0.711576681624353,"51082/5431",2
"Metabolism","Lipid metabolism","hsa00100","Steroid biosynthesis","1/1028","20/9436",0.05,0.458949416342412,-0.846916903256725,0.90068275326597,0.989122391643203,0.711576681624353,"1591",1
"Cellular Processes","Transport and catabolism","hsa04146","Peroxisome","6/1028","83/9436",0.072289156626506,0.663541324832403,-1.07650603189129,0.901330463390848,0.989122391643203,0.711576681624353,"5825/8443/5830/1610/23305/54511",6
"Organismal Systems","Digestive system","hsa04978","Mineral absorption","4/1028","61/9436",0.0655737704918033,0.601900873891689,-1.09066571570495,0.91136500700434,0.996897645202158,0.71717021501619,"341208/4501/30061/10568",4
NA,NA,"hsa04382","Cornified envelope formation","18/1028","217/9436",0.0829493087557604,0.761390736789256,-1.24335864179243,0.916380745795271,0.999150619609037,0.71879100943534,"353135/84283/374454/338785/3875/121214/55012/7082/5045/5046/8688/3691/2125/1286/5523/9076/667/100288814",18
"Organismal Systems","Circulatory system","hsa04260","Cardiac muscle contraction","6/1028","87/9436",0.0689655172413793,0.633033677713672,-1.20233202198902,0.923453343004338,0.999999998784255,0.719402054559835,"6262/775/7168/776/781/444",6
"Metabolism","Glycan biosynthesis and metabolism","hsa00515","Mannose type O-glycan biosynthesis","1/1028","23/9436",0.0434782608695652,0.399086448993402,-1.00886497430077,0.929792480980454,0.999999998784255,0.719402054559835,"9215",1
"Environmental Information Processing","Signaling molecules and interaction","hsa04080","Neuroactive ligand-receptor interaction","32/1028","370/9436",0.0864864864864865,0.793858449889578,-1.41442427144466,0.936863517471858,0.999999998784255,0.719402054559835,"2894/2834/4544/160065/6866/552/5027/10161/2567/2903/7442/130574/4159/135/7068/5028/6750/2555/2557/2895/2743/2891/5618/2690/2149/2890/2898/4142/7425/3361/1903/1902",32
"Organismal Systems","Digestive system","hsa04976","Bile secretion","6/1028","90/9436",0.0666666666666667,0.611932555123217,-1.29341155227625,0.937066156014363,0.999999998784255,0.719402054559835,"10257/115/57835/8671/3781/1576",6
"Metabolism","Carbohydrate metabolism","hsa00010","Glycolysis / Gluconeogenesis","4/1028","67/9436",0.0597014925373134,0.547999303095418,-1.29822821721117,0.94348145488236,0.999999998784255,0.719402054559835,"223/84532/130/669",4
"Metabolism","Metabolism of cofactors and vitamins","hsa00830","Retinol metabolism","4/1028","68/9436",0.0588235294117647,0.539940489814603,-1.33127012493241,0.947662367236206,0.999999998784255,0.719402054559835,"8854/316/130/1576",4
"Genetic Information Processing","Replication and repair","hsa03460","Fanconi anemia pathway","3/1028","55/9436",0.0545454545454545,0.500672090555359,-1.29856524759027,0.947903268616715,0.999999998784255,0.719402054559835,"55215/51426/2176",3
"Human Diseases","Endocrine and metabolic disease","hsa04950","Maturity onset diabetes of the young","1/1028","26/9436",0.0384615384615385,0.353038012571087,-1.15502606417272,0.95037601025388,0.999999998784255,0.719402054559835,"3174",1
"Human Diseases","Infectious disease: bacterial","hsa05134","Legionellosis","3/1028","56/9436",0.0535714285714286,0.491731517509728,-1.33384981383288,0.952136957369891,0.999999998784255,0.719402054559835,"3553/23786/3576",3
"Metabolism","Carbohydrate metabolism","hsa00650","Butanoate metabolism","1/1028","27/9436",0.037037037037037,0.339962530624009,-1.20088078653843,0.955797207008292,0.999999998784255,0.719402054559835,"54511",1
"Metabolism","Global and overview maps","hsa01240","Biosynthesis of cofactors","11/1028","154/9436",0.0714285714285714,0.655642023346304,-1.50650606287202,0.956072746814266,0.999999998784255,0.719402054559835,"1503/205/129607/23498/7360/5372/349565/7358/27010/55312/56474",11
"Genetic Information Processing","Replication and repair","hsa03410","Base excision repair","2/1028","44/9436",0.0454545454545455,0.417226742129466,-1.35477779267606,0.960450259221454,0.999999998784255,0.719402054559835,"6996/56655",2
"Organismal Systems","Sensory system","hsa04744","Phototransduction","1/1028","29/9436",0.0344827586206897,0.316516838856836,-1.28890943976656,0.964928947981622,0.999999998784255,0.719402054559835,"805",1
"Human Diseases","Neurodegenerative disease","hsa05012","Parkinson disease","21/1028","271/9436",0.0774907749077491,0.711286918316654,-1.6861881434666,0.96775691334157,0.999999998784255,0.719402054559835,"2773/4728/3709/84790/517/6263/7314/5718/4729/9817/805/4705/598/539/135/817/9627/7416/5071/2770/2861",21
"Metabolism","Global and overview maps","hsa01230","Biosynthesis of amino acids","4/1028","75/9436",0.0533333333333333,0.489546044098573,-1.55184106841724,0.969843231568884,0.999999998784255,0.719402054559835,"4548/5091/84706/5723",4
"Metabolism","Energy metabolism","hsa00190","Oxidative phosphorylation","9/1028","138/9436",0.0652173913043478,0.598629673490103,-1.66077650442022,0.97129132945755,0.999999998784255,0.719402054559835,"5464/4728/517/535/4729/4705/539/523/51606",9
"Human Diseases","Infectious disease: bacterial","hsa05150","Staphylococcus aureus infection","6/1028","102/9436",0.0588235294117647,0.539940489814603,-1.63343312434421,0.972417897674484,0.999999998784255,0.719402054559835,"3075/3586/3875/8688/5648/629",6
"Organismal Systems","Immune system","hsa04612","Antigen processing and presentation","4/1028","81/9436",0.0493827160493827,0.453283374165346,-1.72784210420722,0.981512239315446,0.999999998784255,0.719402054559835,"4802/5993/2923/1385",4
"Metabolism","Xenobiotics biodegradation and metabolism","hsa00982","Drug metabolism - cytochrome P450","3/1028","73/9436",0.0410958904109589,0.377218698363627,-1.86771514871808,0.989370836151136,0.999999998784255,0.719402054559835,"316/130/1576",3
"Genetic Information Processing","Translation","hsa03015","mRNA surveillance pathway","5/1028","103/9436",0.0485436893203883,0.445581957613993,-1.97818312402631,0.990571594114046,0.999999998784255,0.719402054559835,"1479/55012/23293/124540/5523",5
"Genetic Information Processing","Replication and repair","hsa03440","Homologous recombination","1/1028","41/9436",0.024390243902439,0.22387776406947,-1.74138508492331,0.991260890254399,0.999999998784255,0.719402054559835,"5890",1
"Genetic Information Processing","Translation","hsa03013","Nucleocytoplasmic transport","5/1028","108/9436",0.0462962962962963,0.424953163280012,-2.10156092987776,0.993721011140841,0.999999998784255,0.719402054559835,"3838/51068/51194/64901/94026",5
"Metabolism","Metabolism of cofactors and vitamins","hsa00860","Porphyrin metabolism","1/1028","46/9436",0.0217391304347826,0.199543224496701,-1.90285266513675,0.995104745203366,0.999999998784255,0.719402054559835,"341208",1
"Genetic Information Processing","Folding, sorting and degradation","hsa03050","Proteasome","1/1028","46/9436",0.0217391304347826,0.199543224496701,-1.90285266513675,0.995104745203366,0.999999998784255,0.719402054559835,"5718",1
"Human Diseases","Cancer: overview","hsa05204","Chemical carcinogenesis - DNA adducts","2/1028","71/9436",0.028169014084507,0.258563051460514,-2.19265683100027,0.997379717230453,0.999999998784255,0.719402054559835,"1576/9",2
"Metabolism","Xenobiotics biodegradation and metabolism","hsa00980","Metabolism of xenobiotics by cytochrome P450","2/1028","79/9436",0.0253164556962025,0.232379451312614,-2.39559269979639,0.998861276229638,0.999999998784255,0.719402054559835,"130/1576",2
"Genetic Information Processing","Transcription","hsa03040","Spliceosome","10/1028","235/9436",0.0425531914893617,0.390595247950989,-3.30783174154725,0.99993419183702,0.999999998784255,0.719402054559835,"26863/8559/51503/101954278/11325/56259/27258/124900883/9879/6428",10
"Organismal Systems","Sensory system","hsa04740","Olfactory transduction","16/1028","453/9436",0.0353200883002208,0.324202678210976,-5.15437516194567,0.999999998784255,0.999999998784255,0.719402054559835,"5592/282763/390067/341152/408/79317/390445/26687/4992/805/817/442191/5137/135948/56656/392391",16
